date,MOD,Hami Video
2018-06-13 0:00,3197,175
2018-06-13 0:05,3196,164
2018-06-13 0:10,3194,157
2018-06-13 0:15,3028,151
2018-06-13 0:20,3024,140
2018-06-13 0:25,3026,138
2018-06-13 0:30,2936,138
2018-06-13 0:35,2938,137
2018-06-13 0:40,2935,128
2018-06-13 0:45,2930,124
2018-06-13 0:50,2930,122
2018-06-13 0:55,2931,117
2018-06-13 1:00,2867,108
2018-06-13 1:05,2865,114
2018-06-13 1:10,2865,111
2018-06-13 1:15,2786,106
2018-06-13 1:20,2789,101
2018-06-13 1:25,2788,96
2018-06-13 1:30,2691,94
2018-06-13 1:35,2696,93
2018-06-13 1:40,2696,94
2018-06-13 1:45,2688,91
2018-06-13 1:50,2688,92
2018-06-13 1:55,2686,91
2018-06-13 2:00,2648,92
2018-06-13 2:05,2649,90
2018-06-13 2:10,2648,84
2018-06-13 2:15,2624,82
2018-06-13 2:20,2626,83
2018-06-13 2:25,2623,76
2018-06-13 2:30,2522,68
2018-06-13 2:35,2520,61
2018-06-13 2:40,2520,61
2018-06-13 2:45,2506,61
2018-06-13 2:50,2506,61
2018-06-13 2:55,2506,60
2018-06-13 3:00,2493,61
2018-06-13 3:05,2493,59
2018-06-13 3:10,2492,61
2018-06-13 3:15,2486,58
2018-06-13 3:20,2486,58
2018-06-13 3:25,2486,56
2018-06-13 3:30,2450,55
2018-06-13 3:35,2449,54
2018-06-13 3:40,2449,56
2018-06-13 3:45,2452,52
2018-06-13 3:50,2452,53
2018-06-13 3:55,2452,54
2018-06-13 4:00,2438,53
2018-06-13 4:05,2438,50
2018-06-13 4:10,2438,50
2018-06-13 4:15,2406,50
2018-06-13 4:20,2406,49
2018-06-13 4:25,2406,50
2018-06-13 4:30,2407,48
2018-06-13 4:35,2406,47
2018-06-13 4:40,2406,46
2018-06-13 4:45,2413,48
2018-06-13 4:50,2413,46
2018-06-13 4:55,2412,44
2018-06-13 5:00,2389,42
2018-06-13 5:05,2389,42
2018-06-13 5:10,2389,40
2018-06-13 5:15,2382,38
2018-06-13 5:20,2382,37
2018-06-13 5:25,2382,38
2018-06-13 5:30,2370,38
2018-06-13 5:35,2370,39
2018-06-13 5:40,2370,42
2018-06-13 5:45,2383,42
2018-06-13 5:50,2383,42
2018-06-13 5:55,2384,40
2018-06-13 6:00,2398,38
2018-06-13 6:05,2398,42
2018-06-13 6:10,2398,41
2018-06-13 6:15,2341,39
2018-06-13 6:20,2341,36
2018-06-13 6:25,2341,35
2018-06-13 6:30,2261,36
2018-06-13 6:35,2261,33
2018-06-13 6:40,2263,33
2018-06-13 6:45,2222,35
2018-06-13 6:50,2221,34
2018-06-13 6:55,2220,34
2018-06-13 7:00,2170,35
2018-06-13 7:05,2169,38
2018-06-13 7:10,2169,37
2018-06-13 7:15,2124,30
2018-06-13 7:20,2125,32
2018-06-13 7:25,2124,35
2018-06-13 7:30,2090,36
2018-06-13 7:35,2091,36
2018-06-13 7:40,2091,36
2018-06-13 7:45,2096,39
2018-06-13 7:50,2097,37
2018-06-13 7:55,2097,38
2018-06-13 8:00,1847,32
2018-06-13 8:05,1846,29
2018-06-13 8:10,1845,31
2018-06-13 8:15,1762,35
2018-06-13 8:20,1762,35
2018-06-13 8:25,1762,32
2018-06-13 8:30,1753,35
2018-06-13 8:35,1752,44
2018-06-13 8:40,1752,48
2018-06-13 8:45,1634,42
2018-06-13 8:50,1635,40
2018-06-13 8:55,1635,41
2018-06-13 9:00,1516,37
2018-06-13 9:05,1516,36
2018-06-13 9:10,1516,37
2018-06-13 9:15,1409,38
2018-06-13 9:20,1410,34
2018-06-13 9:25,1409,32
2018-06-13 9:30,1372,31
2018-06-13 9:35,1371,29
2018-06-13 9:40,1372,31
2018-06-13 9:45,1373,28
2018-06-13 9:50,1372,30
2018-06-13 9:55,1372,26
2018-06-13 10:00,1325,24
2018-06-13 10:05,1324,22
2018-06-13 10:10,1324,23
2018-06-13 10:15,1231,24
2018-06-13 10:20,1231,22
2018-06-13 10:25,1232,30
2018-06-13 10:30,1175,29
2018-06-13 10:35,1175,28
2018-06-13 10:40,1175,31
2018-06-13 10:45,1137,28
2018-06-13 10:50,1137,28
2018-06-13 10:55,1135,30
2018-06-13 11:00,1048,29
2018-06-13 11:05,1050,25
2018-06-13 11:10,1052,25
2018-06-13 11:15,779,26
2018-06-13 11:20,778,29
2018-06-13 11:25,781,29
2018-06-13 11:30,1102,27
2018-06-13 11:35,1104,28
2018-06-13 11:40,1105,28
2018-06-13 11:45,1056,29
2018-06-13 11:50,1057,32
2018-06-13 11:55,1055,33
2018-06-13 12:00,1030,32
2018-06-13 12:05,1027,33
2018-06-13 12:10,1028,34
2018-06-13 12:15,1071,37
2018-06-13 12:20,1068,34
2018-06-13 12:25,1067,33
2018-06-13 12:30,1082,32
2018-06-13 12:35,1085,38
2018-06-13 12:40,1092,38
2018-06-13 12:45,1159,41
2018-06-13 12:50,1157,42
2018-06-13 12:55,1157,41
2018-06-13 13:00,1212,39
2018-06-13 13:05,1210,44
2018-06-13 13:10,1209,46
2018-06-13 13:15,1259,44
2018-06-13 13:20,1260,44
2018-06-13 13:25,1258,43
2018-06-13 13:30,1265,44
2018-06-13 13:35,1261,41
2018-06-13 13:40,1258,36
2018-06-13 13:45,1084,40
2018-06-13 13:50,1082,37
2018-06-13 13:55,1081,32
2018-06-13 14:00,1026,30
2018-06-13 14:05,1027,33
2018-06-13 14:10,1028,35
2018-06-13 14:15,974,37
2018-06-13 14:20,977,36
2018-06-13 14:25,975,37
2018-06-13 14:30,990,35
2018-06-13 14:35,991,34
2018-06-13 14:40,991,33
2018-06-13 14:45,1037,36
2018-06-13 14:50,1036,38
2018-06-13 14:55,1038,35
2018-06-13 15:00,1099,40
2018-06-13 15:05,1099,42
2018-06-13 15:10,1098,38
2018-06-13 15:15,1070,39
2018-06-13 15:20,1070,37
2018-06-13 15:25,1068,40
2018-06-13 15:30,1089,41
2018-06-13 15:35,1089,39
2018-06-13 15:40,1088,40
2018-06-13 15:45,1249,38
2018-06-13 15:50,1250,40
2018-06-13 15:55,1252,37
2018-06-13 16:00,1371,42
2018-06-13 16:05,1371,40
2018-06-13 16:10,1370,44
2018-06-13 16:15,1378,40
2018-06-13 16:20,1376,42
2018-06-13 16:25,1377,40
2018-06-13 16:30,1424,44
2018-06-13 16:35,1424,46
2018-06-13 16:40,1426,49
2018-06-13 16:45,1577,51
2018-06-13 16:50,1580,50
2018-06-13 16:55,1580,51
2018-06-13 17:00,1678,53
2018-06-13 17:05,1676,58
2018-06-13 17:10,1670,52
2018-06-13 17:15,1427,46
2018-06-13 17:20,1426,42
2018-06-13 17:25,1426,43
2018-06-13 17:30,1463,41
2018-06-13 17:35,1463,36
2018-06-13 17:40,1465,34
2018-06-13 17:45,1513,34
2018-06-13 17:50,1515,34
2018-06-13 17:55,1512,31
2018-06-13 18:00,1497,27
2018-06-13 18:05,1497,33
2018-06-13 18:10,1499,32
2018-06-13 18:15,1602,32
2018-06-13 18:20,1603,32
2018-06-13 18:25,1603,42
2018-06-13 18:30,2618,47
2018-06-13 18:35,2618,47
2018-06-13 18:40,2619,43
2018-06-13 18:45,3305,44
2018-06-13 18:50,3307,39
2018-06-13 18:55,3309,45
2018-06-13 19:00,3681,47
2018-06-13 19:05,3684,48
2018-06-13 19:10,3688,48
2018-06-13 19:15,4064,46
2018-06-13 19:20,4062,47
2018-06-13 19:25,4068,49
2018-06-13 19:30,4715,57
2018-06-13 19:35,4717,50
2018-06-13 19:40,4718,51
2018-06-13 19:45,4812,59
2018-06-13 19:50,4806,59
2018-06-13 19:55,4798,58
2018-06-13 20:00,5347,59
2018-06-13 20:05,5348,58
2018-06-13 20:10,5354,64
2018-06-13 20:15,5182,72
2018-06-13 20:20,5181,68
2018-06-13 20:25,5184,73
2018-06-13 20:30,5442,62
2018-06-13 20:35,5443,65
2018-06-13 20:40,5447,66
2018-06-13 20:45,5766,66
2018-06-13 20:50,5766,71
2018-06-13 20:55,5769,71
2018-06-13 21:00,6073,71
2018-06-13 21:05,6074,75
2018-06-13 21:10,6071,72
2018-06-13 21:15,6109,85
2018-06-13 21:20,6108,89
2018-06-13 21:25,6111,89
2018-06-13 21:30,6540,90
2018-06-13 21:35,6538,90
2018-06-13 21:40,6542,95
2018-06-13 21:45,6611,96
2018-06-13 21:50,6607,98
2018-06-13 21:55,6607,100
2018-06-13 22:00,5806,106
2018-06-13 22:05,5812,106
2018-06-13 22:10,5820,116
2018-06-13 22:15,4529,126
2018-06-13 22:20,4526,138
2018-06-13 22:25,4529,138
2018-06-13 22:30,4459,148
2018-06-13 22:35,4466,157
2018-06-13 22:40,4472,154
2018-06-13 22:45,4140,156
2018-06-13 22:50,4138,161
2018-06-13 22:55,4136,155
2018-06-13 23:00,4188,151
2018-06-13 23:05,4193,151
2018-06-13 23:10,4196,154
2018-06-13 23:15,4244,165
2018-06-13 23:20,4248,160
2018-06-13 23:25,4246,158
2018-06-13 23:30,3853,159
2018-06-13 23:35,3834,143
2018-06-13 23:40,3808,119
2018-06-13 23:45,3143,108
2018-06-13 23:50,3140,98
2018-06-13 23:55,3126,84
2018-06-14 0:00,2846,87
2018-06-14 0:05,2848,83
2018-06-14 0:10,2851,81
2018-06-14 0:15,2652,82
2018-06-14 0:20,2648,78
2018-06-14 0:25,2645,71
2018-06-14 0:30,2598,71
2018-06-14 0:35,2598,71
2018-06-14 0:40,2604,71
2018-06-14 0:45,2592,68
2018-06-14 0:50,2590,74
2018-06-14 0:55,2592,72
2018-06-14 1:00,2584,75
2018-06-14 1:05,2588,65
2018-06-14 1:10,2590,66
2018-06-14 1:15,2515,67
2018-06-14 1:20,2514,68
2018-06-14 1:25,2514,64
2018-06-14 1:30,2443,61
2018-06-14 1:35,2443,60
2018-06-14 1:40,2442,61
2018-06-14 1:45,2458,61
2018-06-14 1:50,2458,59
2018-06-14 1:55,2460,61
2018-06-14 2:00,2433,59
2018-06-14 2:05,2435,57
2018-06-14 2:10,2434,60
2018-06-14 2:15,2419,58
2018-06-14 2:20,2419,62
2018-06-14 2:25,2413,57
2018-06-14 2:30,2397,58
2018-06-14 2:35,2400,57
2018-06-14 2:40,2402,53
2018-06-14 2:45,2419,54
2018-06-14 2:50,2420,57
2018-06-14 2:55,2422,58
2018-06-14 3:00,2400,56
2018-06-14 3:05,2398,55
2018-06-14 3:10,2392,50
2018-06-14 3:15,2306,46
2018-06-14 3:20,2303,45
2018-06-14 3:25,2301,41
2018-06-14 3:30,2260,39
2018-06-14 3:35,2259,37
2018-06-14 3:40,2259,37
2018-06-14 3:45,2258,34
2018-06-14 3:50,2258,33
2018-06-14 3:55,2257,33
2018-06-14 4:00,2255,30
2018-06-14 4:05,2255,31
2018-06-14 4:10,2254,31
2018-06-14 4:15,2246,31
2018-06-14 4:20,2245,31
2018-06-14 4:25,2245,31
2018-06-14 4:30,2237,31
2018-06-14 4:35,2235,31
2018-06-14 4:40,2235,31
2018-06-14 4:45,2234,31
2018-06-14 4:50,2235,31
2018-06-14 4:55,2234,29
2018-06-14 5:00,2217,27
2018-06-14 5:05,2216,28
2018-06-14 5:10,2216,28
2018-06-14 5:15,2205,28
2018-06-14 5:20,2204,28
2018-06-14 5:25,2204,29
2018-06-14 5:30,2183,27
2018-06-14 5:35,2182,29
2018-06-14 5:40,2182,29
2018-06-14 5:45,2166,29
2018-06-14 5:50,2166,28
2018-06-14 5:55,2167,29
2018-06-14 6:00,2154,28
2018-06-14 6:05,2153,29
2018-06-14 6:10,2154,28
2018-06-14 6:15,2100,26
2018-06-14 6:20,2099,25
2018-06-14 6:25,2100,27
2018-06-14 6:30,1981,26
2018-06-14 6:35,1980,27
2018-06-14 6:40,1981,28
2018-06-14 6:45,1928,28
2018-06-14 6:50,1928,29
2018-06-14 6:55,1930,26
2018-06-14 7:00,1854,28
2018-06-14 7:05,1854,29
2018-06-14 7:10,1855,30
2018-06-14 7:15,1795,27
2018-06-14 7:20,1793,27
2018-06-14 7:25,1793,29
2018-06-14 7:30,1714,28
2018-06-14 7:35,1714,30
2018-06-14 7:40,1714,31
2018-06-14 7:45,1703,32
2018-06-14 7:50,1703,33
2018-06-14 7:55,1703,29
2018-06-14 8:00,1683,30
2018-06-14 8:05,1683,31
2018-06-14 8:10,1681,33
2018-06-14 8:15,1688,37
2018-06-14 8:20,1690,42
2018-06-14 8:25,1689,42
2018-06-14 8:30,1622,40
2018-06-14 8:35,1621,39
2018-06-14 8:40,1623,42
2018-06-14 8:45,1620,45
2018-06-14 8:50,1620,46
2018-06-14 8:55,1619,41
2018-06-14 9:00,1607,43
2018-06-14 9:05,1609,44
2018-06-14 9:10,1610,43
2018-06-14 9:15,1563,43
2018-06-14 9:20,1565,43
2018-06-14 9:25,1568,51
2018-06-14 9:30,1539,50
2018-06-14 9:35,1542,53
2018-06-14 9:40,1538,55
2018-06-14 9:45,1557,55
2018-06-14 9:50,1558,56
2018-06-14 9:55,1558,53
2018-06-14 10:00,1531,58
2018-06-14 10:05,1533,52
2018-06-14 10:10,1531,47
2018-06-14 10:15,1483,48
2018-06-14 10:20,1483,56
2018-06-14 10:25,1486,55
2018-06-14 10:30,1467,51
2018-06-14 10:35,1467,52
2018-06-14 10:40,1467,61
2018-06-14 10:45,1499,61
2018-06-14 10:50,1500,62
2018-06-14 10:55,1501,63
2018-06-14 11:00,1438,67
2018-06-14 11:05,1439,63
2018-06-14 11:10,1441,63
2018-06-14 11:15,891,66
2018-06-14 11:20,888,64
2018-06-14 11:25,890,63
2018-06-14 11:30,1359,60
2018-06-14 11:35,1366,59
2018-06-14 11:40,1363,65
2018-06-14 11:45,1437,71
2018-06-14 11:50,1440,75
2018-06-14 11:55,1435,83
2018-06-14 12:00,1425,86
2018-06-14 12:05,1427,80
2018-06-14 12:10,1427,87
2018-06-14 12:15,1401,85
2018-06-14 12:20,1400,85
2018-06-14 12:25,1394,89
2018-06-14 12:30,1359,76
2018-06-14 12:35,1365,82
2018-06-14 12:40,1362,84
2018-06-14 12:45,1358,77
2018-06-14 12:50,1360,85
2018-06-14 12:55,1358,85
2018-06-14 13:00,1377,83
2018-06-14 13:05,1383,93
2018-06-14 13:10,1380,94
2018-06-14 13:15,1407,94
2018-06-14 13:20,1407,91
2018-06-14 13:25,1410,95
2018-06-14 13:30,1448,95
2018-06-14 13:35,1447,95
2018-06-14 13:40,1446,93
2018-06-14 13:45,1511,102
2018-06-14 13:50,1514,100
2018-06-14 13:55,1516,104
2018-06-14 14:00,1480,87
2018-06-14 14:05,1481,84
2018-06-14 14:10,1481,91
2018-06-14 14:15,1503,91
2018-06-14 14:20,1502,92
2018-06-14 14:25,1504,90
2018-06-14 14:30,1577,88
2018-06-14 14:35,1577,88
2018-06-14 14:40,1577,90
2018-06-14 14:45,1625,100
2018-06-14 14:50,1625,97
2018-06-14 14:55,1625,93
2018-06-14 15:00,1551,94
2018-06-14 15:05,1546,93
2018-06-14 15:10,1543,101
2018-06-14 15:15,1579,107
2018-06-14 15:20,1580,102
2018-06-14 15:25,1582,112
2018-06-14 15:30,1584,125
2018-06-14 15:35,1585,111
2018-06-14 15:40,1584,112
2018-06-14 15:45,1636,115
2018-06-14 15:50,1637,112
2018-06-14 15:55,1628,112
2018-06-14 16:00,1668,107
2018-06-14 16:05,1669,114
2018-06-14 16:10,1672,118
2018-06-14 16:15,1759,118
2018-06-14 16:20,1761,117
2018-06-14 16:25,1758,114
2018-06-14 16:30,1964,113
2018-06-14 16:35,1927,120
2018-06-14 16:40,1927,124
2018-06-14 16:45,2034,123
2018-06-14 16:50,2035,132
2018-06-14 16:55,2032,131
2018-06-14 17:00,2086,131
2018-06-14 17:05,2086,135
2018-06-14 17:10,2081,141
2018-06-14 17:15,2223,144
2018-06-14 17:20,2228,160
2018-06-14 17:25,2230,173
2018-06-14 17:30,2457,173
2018-06-14 17:35,2458,158
2018-06-14 17:40,2459,156
2018-06-14 17:45,2526,161
2018-06-14 17:50,2531,166
2018-06-14 17:55,2525,156
2018-06-14 18:00,2379,160
2018-06-14 18:05,2381,170
2018-06-14 18:10,2380,176
2018-06-14 18:15,2627,184
2018-06-14 18:20,2631,195
2018-06-14 18:25,2631,195
2018-06-14 18:30,3671,196
2018-06-14 18:35,3675,196
2018-06-14 18:40,3678,199
2018-06-14 18:45,4628,215
2018-06-14 18:50,4632,220
2018-06-14 18:55,4624,215
2018-06-14 19:00,5075,221
2018-06-14 19:05,5084,233
2018-06-14 19:10,5088,234
2018-06-14 19:15,5347,254
2018-06-14 19:20,5354,272
2018-06-14 19:25,5359,276
2018-06-14 19:30,5892,269
2018-06-14 19:35,5901,308
2018-06-14 19:40,5906,340
2018-06-14 19:45,6639,355
2018-06-14 19:50,6639,373
2018-06-14 19:55,6636,381
2018-06-14 20:00,7274,378
2018-06-14 20:05,7269,395
2018-06-14 20:10,7278,400
2018-06-14 20:15,7846,410
2018-06-14 20:20,7845,425
2018-06-14 20:25,7850,433
2018-06-14 20:30,8380,438
2018-06-14 20:35,8384,452
2018-06-14 20:40,8364,406
2018-06-14 20:45,7795,395
2018-06-14 20:50,7801,407
2018-06-14 20:55,7800,436
2018-06-14 21:00,8598,519
2018-06-14 21:05,8611,531
2018-06-14 21:10,8640,544
2018-06-14 21:15,9186,569
2018-06-14 21:20,9221,613
2018-06-14 21:25,9239,649
2018-06-14 21:30,9356,662
2018-06-14 21:35,9387,755
2018-06-14 21:40,9439,889
2018-06-14 21:45,8438,995
2018-06-14 21:50,8502,1149
2018-06-14 21:55,8606,1389
2018-06-14 22:00,11376,1517
2018-06-14 22:05,11464,1795
2018-06-14 22:10,11558,1858
2018-06-14 22:15,13717,1952
2018-06-14 22:20,13825,2117
2018-06-14 22:25,13876,2250
2018-06-14 22:30,21191,2331
2018-06-14 22:35,21414,2589
2018-06-14 22:40,21555,2741
2018-06-14 22:45,25364,2804
2018-06-14 22:50,25571,2901
2018-06-14 22:55,25767,3101
2018-06-14 23:00,32881,3336
2018-06-14 23:05,32859,3434
2018-06-14 23:10,32873,3434
2018-06-14 23:15,35490,3503
2018-06-14 23:20,35485,3571
2018-06-14 23:25,35453,3621
2018-06-14 23:30,36289,3592
2018-06-14 23:35,36275,3470
2018-06-14 23:40,36149,2762
2018-06-14 23:45,32801,2511
2018-06-14 23:50,32599,1872
2018-06-14 23:55,32742,2092
2018-06-15 0:00,30975,1906
2018-06-15 0:05,31063,1732
2018-06-15 0:10,31017,1731
2018-06-15 0:15,31180,1722
2018-06-15 0:20,31211,1654
2018-06-15 0:25,31231,1716
2018-06-15 0:30,30259,1725
2018-06-15 0:35,30169,1892
2018-06-15 0:40,30179,1985
2018-06-15 0:45,28935,2098
2018-06-15 0:50,29508,2223
2018-06-15 0:55,29100,1798
2018-06-15 1:00,19831,1128
2018-06-15 1:05,19465,790
2018-06-15 1:10,19306,591
2018-06-15 1:15,16635,517
2018-06-15 1:20,16567,472
2018-06-15 1:25,16544,427
2018-06-15 1:30,15322,422
2018-06-15 1:35,15285,394
2018-06-15 1:40,15281,380
2018-06-15 1:45,14750,369
2018-06-15 1:50,14747,370
2018-06-15 1:55,14720,359
2018-06-15 2:00,14261,359
2018-06-15 2:05,14257,340
2018-06-15 2:10,14254,342
2018-06-15 2:15,13996,336
2018-06-15 2:20,13997,337
2018-06-15 2:25,13988,335
2018-06-15 2:30,13833,323
2018-06-15 2:35,13821,313
2018-06-15 2:40,13819,304
2018-06-15 2:45,13716,301
2018-06-15 2:50,13714,295
2018-06-15 2:55,13712,284
2018-06-15 3:00,13449,269
2018-06-15 3:05,13441,259
2018-06-15 3:10,13437,252
2018-06-15 3:15,13294,255
2018-06-15 3:20,13295,251
2018-06-15 3:25,13285,245
2018-06-15 3:30,13247,245
2018-06-15 3:35,13245,250
2018-06-15 3:40,13242,249
2018-06-15 3:45,13164,233
2018-06-15 3:50,13164,236
2018-06-15 3:55,13158,239
2018-06-15 4:00,13029,231
2018-06-15 4:05,13019,216
2018-06-15 4:10,13004,196
2018-06-15 4:15,12809,193
2018-06-15 4:20,12808,177
2018-06-15 4:25,12803,174
2018-06-15 4:30,12671,166
2018-06-15 4:35,12668,167
2018-06-15 4:40,12667,168
2018-06-15 4:45,12582,165
2018-06-15 4:50,12581,163
2018-06-15 4:55,12576,162
2018-06-15 5:00,12450,159
2018-06-15 5:05,12449,157
2018-06-15 5:10,12448,148
2018-06-15 5:15,12356,146
2018-06-15 5:20,12356,147
2018-06-15 5:25,12353,148
2018-06-15 5:30,12301,150
2018-06-15 5:35,12301,155
2018-06-15 5:40,12300,153
2018-06-15 5:45,12224,154
2018-06-15 5:50,12220,150
2018-06-15 5:55,12218,153
2018-06-15 6:00,12172,157
2018-06-15 6:05,12174,158
2018-06-15 6:10,12171,154
2018-06-15 6:15,12097,158
2018-06-15 6:20,12096,157
2018-06-15 6:25,12096,159
2018-06-15 6:30,12023,156
2018-06-15 6:35,12029,152
2018-06-15 6:40,12025,161
2018-06-15 6:45,11788,174
2018-06-15 6:50,11790,174
2018-06-15 6:55,11790,178
2018-06-15 7:00,11418,179
2018-06-15 7:05,11423,176
2018-06-15 7:10,11422,187
2018-06-15 7:15,11302,186
2018-06-15 7:20,11311,196
2018-06-15 7:25,11322,202
2018-06-15 7:30,11290,206
2018-06-15 7:35,11286,214
2018-06-15 7:40,11285,220
2018-06-15 7:45,11262,206
2018-06-15 7:50,11282,230
2018-06-15 7:55,11294,230
2018-06-15 8:00,10221,186
2018-06-15 8:05,10215,183
2018-06-15 8:10,10210,174
2018-06-15 8:15,9913,186
2018-06-15 8:20,9915,176
2018-06-15 8:25,9925,180
2018-06-15 8:30,9814,180
2018-06-15 8:35,9811,183
2018-06-15 8:40,9803,177
2018-06-15 8:45,9507,183
2018-06-15 8:50,9504,182
2018-06-15 8:55,9502,176
2018-06-15 9:00,9386,184
2018-06-15 9:05,9395,190
2018-06-15 9:10,9405,193
2018-06-15 9:15,9413,195
2018-06-15 9:20,9408,198
2018-06-15 9:25,9421,199
2018-06-15 9:30,9260,185
2018-06-15 9:35,9268,194
2018-06-15 9:40,9274,197
2018-06-15 9:45,9215,204
2018-06-15 9:50,9211,214
2018-06-15 9:55,9221,216
2018-06-15 10:00,9250,220
2018-06-15 10:05,9256,227
2018-06-15 10:10,9261,227
2018-06-15 10:15,9091,231
2018-06-15 10:20,9083,231
2018-06-15 10:25,9079,229
2018-06-15 10:30,8610,240
2018-06-15 10:35,8609,241
2018-06-15 10:40,8619,243
2018-06-15 10:45,7939,248
2018-06-15 10:50,7930,232
2018-06-15 10:55,7934,229
2018-06-15 11:00,7025,230
2018-06-15 11:05,7015,209
2018-06-15 11:10,7018,221
2018-06-15 11:15,6029,224
2018-06-15 11:20,6035,240
2018-06-15 11:25,6048,256
2018-06-15 11:30,6520,267
2018-06-15 11:35,6513,259
2018-06-15 11:40,6519,274
2018-06-15 11:45,6269,285
2018-06-15 11:50,6273,280
2018-06-15 11:55,6271,291
2018-06-15 12:00,4910,258
2018-06-15 12:05,4913,256
2018-06-15 12:10,4911,224
2018-06-15 12:15,4431,232
2018-06-15 12:20,4434,217
2018-06-15 12:25,4428,200
2018-06-15 12:30,3935,193
2018-06-15 12:35,3922,200
2018-06-15 12:40,3914,204
2018-06-15 12:45,3662,184
2018-06-15 12:50,3655,182
2018-06-15 12:55,3654,184
2018-06-15 13:00,3483,198
2018-06-15 13:05,3494,199
2018-06-15 13:10,3496,202
2018-06-15 13:15,3491,225
2018-06-15 13:20,3486,225
2018-06-15 13:25,3486,231
2018-06-15 13:30,1662,210
2018-06-15 13:35,1662,212
2018-06-15 13:40,1661,222
2018-06-15 13:45,3386,216
2018-06-15 13:50,3381,211
2018-06-15 13:55,3382,206
2018-06-15 14:00,3362,227
2018-06-15 14:05,3348,222
2018-06-15 14:10,3351,218
2018-06-15 14:15,3356,221
2018-06-15 14:20,3358,216
2018-06-15 14:25,3360,204
2018-06-15 14:30,1662,211
2018-06-15 14:35,1669,220
2018-06-15 14:40,1670,218
2018-06-15 14:45,884,231
2018-06-15 14:50,883,234
2018-06-15 14:55,880,247
2018-06-15 15:00,878,252
2018-06-15 15:05,878,244
2018-06-15 15:10,885,237
2018-06-15 15:15,881,240
2018-06-15 15:20,885,248
2018-06-15 15:25,876,237
2018-06-15 15:30,876,243
2018-06-15 15:35,880,255
2018-06-15 15:40,887,259
2018-06-15 15:45,883,287
2018-06-15 15:50,881,285
2018-06-15 15:55,883,303
2018-06-15 16:00,882,296
2018-06-15 16:05,885,300
2018-06-15 16:10,882,295
2018-06-15 16:15,885,312
2018-06-15 16:20,886,316
2018-06-15 16:25,882,323
2018-06-15 16:30,1047,339
2018-06-15 16:35,1055,363
2018-06-15 16:40,1053,387
2018-06-15 16:45,1051,409
2018-06-15 16:50,1053,430
2018-06-15 16:55,1062,424
2018-06-15 17:00,1064,435
2018-06-15 17:05,3089,429
2018-06-15 17:10,3090,456
2018-06-15 17:15,3094,474
2018-06-15 17:20,6209,478
2018-06-15 17:25,6208,463
2018-06-15 17:30,6208,472
2018-06-15 17:35,6210,501
2018-06-15 17:40,6218,526
2018-06-15 17:45,6226,545
2018-06-15 17:50,6920,544
2018-06-15 17:55,6925,587
2018-06-15 18:00,6935,595
2018-06-15 18:05,7536,611
2018-06-15 18:10,7538,614
2018-06-15 18:15,7544,662
2018-06-15 18:20,8238,728
2018-06-15 18:25,8240,751
2018-06-15 18:30,8203,749
2018-06-15 18:35,8118,766
2018-06-15 18:40,8123,834
2018-06-15 18:45,8126,916
2018-06-15 18:50,8720,992
2018-06-15 18:55,8729,1086
2018-06-15 19:00,8745,1112
2018-06-15 19:05,9719,1261
2018-06-15 19:10,9751,1317
2018-06-15 19:15,9773,1527
2018-06-15 19:20,10159,1622
2018-06-15 19:25,10232,1840
2018-06-15 19:30,10320,2121
2018-06-15 19:35,11998,2502
2018-06-15 19:40,12125,2816
2018-06-15 19:45,12235,3003
2018-06-15 19:50,14906,3412
2018-06-15 19:55,15299,3901
2018-06-15 20:00,15955,4599
2018-06-15 20:05,28173,5073
2018-06-15 20:10,28485,5428
2018-06-15 20:15,28786,5690
2018-06-15 20:20,34221,5861
2018-06-15 20:25,34449,6165
2018-06-15 20:30,34643,6329
2018-06-15 20:35,37814,6507
2018-06-15 20:40,37931,6675
2018-06-15 20:45,37748,6715
2018-06-15 20:50,35707,5847
2018-06-15 20:55,35842,6241
2018-06-15 21:00,36084,6689
2018-06-15 21:05,40566,7261
2018-06-15 21:10,40857,7642
2018-06-15 21:15,41053,7835
2018-06-15 21:20,44760,8121
2018-06-15 21:25,44818,8481
2018-06-15 21:30,44912,8857
2018-06-15 21:35,48484,9199
2018-06-15 21:40,48579,9543
2018-06-15 21:45,48777,9840
2018-06-15 21:50,52391,10034
2018-06-15 21:55,50683,8349
2018-06-15 22:00,49164,6045
2018-06-15 22:05,32616,5445
2018-06-15 22:10,32485,5247
2018-06-15 22:15,32381,5190
2018-06-15 22:20,28135,5280
2018-06-15 22:25,28041,5420
2018-06-15 22:30,28159,5700
2018-06-15 22:35,27064,5790
2018-06-15 22:40,27170,6022
2018-06-15 22:45,27232,6199
2018-06-15 22:50,27191,6522
2018-06-15 22:55,27513,7146
2018-06-15 23:00,28157,8039
2018-06-15 23:05,37447,8669
2018-06-15 23:10,37790,9103
2018-06-15 23:15,37981,9404
2018-06-15 23:20,42015,9584
2018-06-15 23:25,42137,9840
2018-06-15 23:30,42239,9935
2018-06-15 23:35,44140,10044
2018-06-15 23:40,44201,10084
2018-06-15 23:45,44202,10162
2018-06-15 23:50,40861,8906
2018-06-15 23:55,40794,8602
2018-06-16 0:00,40932,8801
2018-06-16 0:05,40999,9273
2018-06-16 0:10,41270,9677
2018-06-16 0:15,41395,9852
2018-06-16 0:20,43698,9965
2018-06-16 0:25,43779,10120
2018-06-16 0:30,43848,10203
2018-06-16 0:35,44381,10258
2018-06-16 0:40,44445,10369
2018-06-16 0:45,44544,10540
2018-06-16 0:50,45487,10649
2018-06-16 0:55,44919,10102
2018-06-16 1:00,43363,7541
2018-06-16 1:05,33039,6661
2018-06-16 1:10,32919,6369
2018-06-16 1:15,32920,6350
2018-06-16 1:20,30672,6322
2018-06-16 1:25,30627,6288
2018-06-16 1:30,30688,6498
2018-06-16 1:35,30273,6725
2018-06-16 1:40,30415,7122
2018-06-16 1:45,30557,7556
2018-06-16 1:50,31515,8102
2018-06-16 1:55,31995,9145
2018-06-16 2:00,32809,10349
2018-06-16 2:05,39998,10936
2018-06-16 2:10,40284,11336
2018-06-16 2:15,40398,11598
2018-06-16 2:20,42224,11803
2018-06-16 2:25,42339,12047
2018-06-16 2:30,42366,12187
2018-06-16 2:35,43054,12224
2018-06-16 2:40,43068,12201
2018-06-16 2:45,42517,11520
2018-06-16 2:50,39629,10291
2018-06-16 2:55,39853,9720
2018-06-16 3:00,40265,9802
2018-06-16 3:05,41833,10512
2018-06-16 3:10,42042,11194
2018-06-16 3:15,42150,11803
2018-06-16 3:20,42971,12467
2018-06-16 3:25,43006,12911
2018-06-16 3:30,43028,13224
2018-06-16 3:35,43135,13456
2018-06-16 3:40,43164,13390
2018-06-16 3:45,43210,13365
2018-06-16 3:50,41908,13316
2018-06-16 3:55,39440,7581
2018-06-16 4:00,38637,5093
2018-06-16 4:05,27804,3347
2018-06-16 4:10,27663,2774
2018-06-16 4:15,27579,2371
2018-06-16 4:20,25578,2111
2018-06-16 4:25,25518,1927
2018-06-16 4:30,25490,1839
2018-06-16 4:35,24918,1762
2018-06-16 4:40,24897,1660
2018-06-16 4:45,24874,1586
2018-06-16 4:50,24464,1548
2018-06-16 4:55,24383,1516
2018-06-16 5:00,24352,1421
2018-06-16 5:05,23754,1340
2018-06-16 5:10,23734,1239
2018-06-16 5:15,23721,1199
2018-06-16 5:20,23426,1182
2018-06-16 5:25,23414,1159
2018-06-16 5:30,23401,1129
2018-06-16 5:35,23329,1115
2018-06-16 5:40,23326,1100
2018-06-16 5:45,23326,1085
2018-06-16 5:50,23311,1064
2018-06-16 5:55,23306,1052
2018-06-16 6:00,23298,1051
2018-06-16 6:05,23392,1026
2018-06-16 6:10,23388,1010
2018-06-16 6:15,23355,987
2018-06-16 6:20,22530,973
2018-06-16 6:25,22525,957
2018-06-16 6:30,22515,952
2018-06-16 6:35,22047,932
2018-06-16 6:40,22052,922
2018-06-16 6:45,22046,901
2018-06-16 6:50,21872,894
2018-06-16 6:55,21866,890
2018-06-16 7:00,21868,876
2018-06-16 7:05,21706,861
2018-06-16 7:10,21710,845
2018-06-16 7:15,21703,829
2018-06-16 7:20,21396,804
2018-06-16 7:25,21389,789
2018-06-16 7:30,21380,786
2018-06-16 7:35,20778,769
2018-06-16 7:40,20780,760
2018-06-16 7:45,20774,739
2018-06-16 7:50,20458,730
2018-06-16 7:55,20456,726
2018-06-16 8:00,20448,717
2018-06-16 8:05,19676,700
2018-06-16 8:10,19680,689
2018-06-16 8:15,19684,673
2018-06-16 8:20,19350,670
2018-06-16 8:25,19366,655
2018-06-16 8:30,19361,637
2018-06-16 8:35,18992,629
2018-06-16 8:40,18972,628
2018-06-16 8:45,18981,617
2018-06-16 8:50,18008,614
2018-06-16 8:55,18013,611
2018-06-16 9:00,18020,608
2018-06-16 9:05,17205,741
2018-06-16 9:10,17220,635
2018-06-16 9:15,17225,586
2018-06-16 9:20,17104,569
2018-06-16 9:25,17119,557
2018-06-16 9:30,17176,537
2018-06-16 9:35,17248,520
2018-06-16 9:40,17324,511
2018-06-16 9:45,17380,506
2018-06-16 9:50,19404,508
2018-06-16 9:55,19419,488
2018-06-16 10:00,19453,486
2018-06-16 10:05,20556,477
2018-06-16 10:10,20580,474
2018-06-16 10:15,20583,451
2018-06-16 10:20,20850,429
2018-06-16 10:25,20861,413
2018-06-16 10:30,20736,402
2018-06-16 10:35,19331,401
2018-06-16 10:40,19342,396
2018-06-16 10:45,19394,391
2018-06-16 10:50,20530,437
2018-06-16 10:55,20545,529
2018-06-16 11:00,20537,616
2018-06-16 11:05,20971,645
2018-06-16 11:10,20975,711
2018-06-16 11:15,21003,823
2018-06-16 11:20,21497,905
2018-06-16 11:25,21519,1014
2018-06-16 11:30,16317,959
2018-06-16 11:35,16138,926
2018-06-16 11:40,16011,827
2018-06-16 11:45,4335,826
2018-06-16 11:50,4308,831
2018-06-16 11:55,4288,794
2018-06-16 12:00,2125,788
2018-06-16 12:05,2095,815
2018-06-16 12:10,2085,780
2018-06-16 12:15,878,759
2018-06-16 12:20,874,768
2018-06-16 12:25,865,777
2018-06-16 12:30,3112,791
2018-06-16 12:35,3115,790
2018-06-16 12:40,3121,795
2018-06-16 12:45,3118,771
2018-06-16 12:50,3120,703
2018-06-16 12:55,3118,712
2018-06-16 13:00,3109,710
2018-06-16 13:05,3105,714
2018-06-16 13:10,3115,703
2018-06-16 13:15,3108,722
2018-06-16 13:20,3113,718
2018-06-16 13:25,3122,740
2018-06-16 13:30,3119,765
2018-06-16 13:35,3131,789
2018-06-16 13:40,3137,800
2018-06-16 13:45,3143,807
2018-06-16 13:50,3160,845
2018-06-16 13:55,3172,892
2018-06-16 14:00,3171,913
2018-06-16 14:05,3139,875
2018-06-16 14:10,3118,843
2018-06-16 14:15,3127,835
2018-06-16 14:20,3135,847
2018-06-16 14:25,3118,843
2018-06-16 14:30,3125,858
2018-06-16 14:35,3143,897
2018-06-16 14:40,3159,931
2018-06-16 14:45,3178,971
2018-06-16 14:50,3208,1009
2018-06-16 14:55,3215,1032
2018-06-16 15:00,3225,1091
2018-06-16 15:05,3250,1105
2018-06-16 15:10,3269,1137
2018-06-16 15:15,3285,1155
2018-06-16 15:20,3298,1201
2018-06-16 15:25,3309,1218
2018-06-16 15:30,3269,1158
2018-06-16 15:35,3276,1202
2018-06-16 15:40,3274,1214
2018-06-16 15:45,3292,1266
2018-06-16 15:50,3315,1309
2018-06-16 15:55,3353,1338
2018-06-16 16:00,3351,1375
2018-06-16 16:05,3363,1423
2018-06-16 16:10,3359,1444
2018-06-16 16:15,3379,1496
2018-06-16 16:20,3411,1534
2018-06-16 16:25,3433,1581
2018-06-16 16:30,3375,1523
2018-06-16 16:35,3298,1396
2018-06-16 16:40,3239,1303
2018-06-16 16:45,3227,1327
2018-06-16 16:50,3239,1359
2018-06-16 16:55,3231,1406
2018-06-16 17:00,3247,1471
2018-06-16 17:05,3280,1531
2018-06-16 17:10,3312,1665
2018-06-16 17:15,3313,1819
2018-06-16 17:20,3350,2019
2018-06-16 17:25,3393,2233
2018-06-16 17:30,3493,2583
2018-06-16 17:35,3642,2948
2018-06-16 17:40,3803,3342
2018-06-16 17:45,3950,3789
2018-06-16 17:50,4148,4477
2018-06-16 17:55,4602,5577
2018-06-16 18:00,5476,7099
2018-06-16 18:05,6144,8165
2018-06-16 18:10,6530,8778
2018-06-16 18:15,6820,9284
2018-06-16 18:20,6996,9658
2018-06-16 18:25,7117,9903
2018-06-16 18:30,7226,10109
2018-06-16 18:35,7337,10354
2018-06-16 18:40,7449,10591
2018-06-16 18:45,6783,9976
2018-06-16 18:50,6057,8772
2018-06-16 18:55,6267,9116
2018-06-16 19:00,6744,9770
2018-06-16 19:05,7216,10445
2018-06-16 19:10,7318,10085
2018-06-16 19:15,6861,8873
2018-06-16 19:20,6361,7901
2018-06-16 19:25,3953,3201
2018-06-16 19:30,3484,1397
2018-06-16 19:35,2963,1
2018-06-16 19:40,2963,19
2018-06-16 19:45,2963,196
2018-06-16 19:50,2963,2
2018-06-16 19:55,2963,19
2018-06-16 20:00,2963,177
2018-06-16 20:05,2963,89
2018-06-16 20:10,13616,340
2018-06-16 20:15,13701,530
2018-06-16 20:20,13845,1463
2018-06-16 20:25,27702,3037
2018-06-16 20:30,28000,4217
2018-06-16 20:35,28682,6212
2018-06-16 20:40,31063,6200
2018-06-16 20:45,31284,6997
2018-06-16 20:50,31574,7753
2018-06-16 20:55,32278,9085
2018-06-16 21:00,50216,9948
2018-06-16 21:05,49225,7115
2018-06-16 21:10,47371,2622
2018-06-16 21:15,53406,249
2018-06-16 21:20,53385,2
2018-06-16 21:25,53385,2
2018-06-16 21:30,57783,0
2018-06-16 21:35,57783,0
2018-06-16 21:40,57783,0
2018-06-16 21:45,55630,0
2018-06-16 21:50,55630,0
2018-06-16 21:55,55630,0
2018-06-16 22:00,59994,0
2018-06-16 22:05,59994,0
2018-06-16 22:10,59994,0
2018-06-16 22:15,66935,0
2018-06-16 22:20,66935,0
2018-06-16 22:25,66935,0
2018-06-16 22:30,70910,0
2018-06-16 22:35,70910,0
2018-06-16 22:40,70910,0
2018-06-16 22:45,74264,0
2018-06-16 22:50,74264,0
2018-06-16 22:55,74264,0
2018-06-16 23:00,44549,0
2018-06-16 23:05,44549,0
2018-06-16 23:10,44549,0
2018-06-16 23:15,35184,0
2018-06-16 23:20,35184,0
2018-06-16 23:25,35184,0
2018-06-16 23:30,32583,0
2018-06-16 23:35,32583,0
2018-06-16 23:40,32583,0
2018-06-16 23:45,32531,0
2018-06-16 23:50,32531,0
2018-06-16 23:55,32531,0
2018-06-17 0:00,39274,0
2018-06-17 0:05,39274,0
2018-06-17 0:10,39274,0
2018-06-17 0:15,42064,0
2018-06-17 0:20,42064,0
2018-06-17 0:25,42064,0
2018-06-17 0:30,42316,0
2018-06-17 0:35,42316,0
2018-06-17 0:40,42316,0
2018-06-17 0:45,40154,0
2018-06-17 0:50,40154,0
2018-06-17 0:55,40154,0
2018-06-17 1:00,39124,0
2018-06-17 1:05,39124,0
2018-06-17 1:10,39124,0
2018-06-17 1:15,40465,0
2018-06-17 1:20,40465,0
2018-06-17 1:25,40465,0
2018-06-17 1:30,40863,0
2018-06-17 1:35,40863,0
2018-06-17 1:40,40863,0
2018-06-17 1:45,40837,0
2018-06-17 1:50,40837,0
2018-06-17 1:55,40837,0
2018-06-17 2:00,31223,0
2018-06-17 2:05,31223,0
2018-06-17 2:10,31223,0
2018-06-17 2:15,29340,0
2018-06-17 2:20,29340,0
2018-06-17 2:25,29340,0
2018-06-17 2:30,28275,0
2018-06-17 2:35,28275,0
2018-06-17 2:40,28275,0
2018-06-17 2:45,27882,0
2018-06-17 2:50,27882,0
2018-06-17 2:55,27882,0
2018-06-17 3:00,29038,0
2018-06-17 3:05,29038,0
2018-06-17 3:10,29038,0
2018-06-17 3:15,29168,0
2018-06-17 3:20,29168,0
2018-06-17 3:25,29168,0
2018-06-17 3:30,29111,0
2018-06-17 3:35,29111,0
2018-06-17 3:40,29111,0
2018-06-17 3:45,28383,0
2018-06-17 3:50,28383,0
2018-06-17 3:55,28383,0
2018-06-17 4:00,28176,0
2018-06-17 4:05,28176,0
2018-06-17 4:10,28176,0
2018-06-17 4:15,28178,0
2018-06-17 4:20,28178,0
2018-06-17 4:25,28178,0
2018-06-17 4:30,28014,0
2018-06-17 4:35,28014,0
2018-06-17 4:40,28014,0
2018-06-17 4:45,27598,0
2018-06-17 4:50,27598,0
2018-06-17 4:55,27598,0
2018-06-17 5:00,25997,0
2018-06-17 5:05,25997,0
2018-06-17 5:10,25997,0
2018-06-17 5:15,25561,0
2018-06-17 5:20,25561,0
2018-06-17 5:25,25561,0
2018-06-17 5:30,25112,0
2018-06-17 5:35,25112,0
2018-06-17 5:40,25112,0
2018-06-17 5:45,24806,0
2018-06-17 5:50,24806,0
2018-06-17 5:55,24806,0
2018-06-17 6:00,24043,0
2018-06-17 6:05,24043,0
2018-06-17 6:10,24043,0
2018-06-17 6:15,23593,0
2018-06-17 6:20,23661,190
2018-06-17 6:25,23628,116
2018-06-17 6:30,23558,424
2018-06-17 6:35,23706,1049
2018-06-17 6:40,23707,1107
2018-06-17 6:45,23333,1103
2018-06-17 6:50,23327,1089
2018-06-17 6:55,23327,1088
2018-06-17 7:00,22770,1069
2018-06-17 7:05,22760,1045
2018-06-17 7:10,22752,1033
2018-06-17 7:15,22411,1025
2018-06-17 7:20,22408,1015
2018-06-17 7:25,22412,1003
2018-06-17 7:30,22216,975
2018-06-17 7:35,22219,981
2018-06-17 7:40,22212,969
2018-06-17 7:45,22125,960
2018-06-17 7:50,22128,963
2018-06-17 7:55,22125,961
2018-06-17 8:00,21998,959
2018-06-17 8:05,21990,929
2018-06-17 8:10,21971,907
2018-06-17 8:15,20581,881
2018-06-17 8:20,20578,860
2018-06-17 8:25,20588,860
2018-06-17 8:30,20479,839
2018-06-17 8:35,20488,846
2018-06-17 8:40,20478,834
2018-06-17 8:45,19624,832
2018-06-17 8:50,19611,805
2018-06-17 8:55,19600,789
2018-06-17 9:00,18541,784
2018-06-17 9:05,18555,787
2018-06-17 9:10,18567,792
2018-06-17 9:15,18450,820
2018-06-17 9:20,18442,806
2018-06-17 9:25,18444,804
2018-06-17 9:30,16958,801
2018-06-17 9:35,16955,801
2018-06-17 9:40,16958,780
2018-06-17 9:45,17273,796
2018-06-17 9:50,17270,787
2018-06-17 9:55,17259,805
2018-06-17 10:00,17132,813
2018-06-17 10:05,17135,805
2018-06-17 10:10,17152,807
2018-06-17 10:15,16774,815
2018-06-17 10:20,16779,834
2018-06-17 10:25,16780,818
2018-06-17 10:30,15529,820
2018-06-17 10:35,15531,811
2018-06-17 10:40,15513,822
2018-06-17 10:45,15674,834
2018-06-17 10:50,15683,833
2018-06-17 10:55,15710,828
2018-06-17 11:00,15637,833
2018-06-17 11:05,15614,834
2018-06-17 11:10,15623,842
2018-06-17 11:15,15414,840
2018-06-17 11:20,15403,824
2018-06-17 11:25,15396,830
2018-06-17 11:30,14593,817
2018-06-17 11:35,14552,775
2018-06-17 11:40,14551,776
2018-06-17 11:45,13142,804
2018-06-17 11:50,13144,802
2018-06-17 11:55,13159,768
2018-06-17 12:00,12014,753
2018-06-17 12:05,12008,745
2018-06-17 12:10,12017,751
2018-06-17 12:15,12001,763
2018-06-17 12:20,11999,764
2018-06-17 12:25,12008,756
2018-06-17 12:30,12477,767
2018-06-17 12:35,12499,803
2018-06-17 12:40,12504,799
2018-06-17 12:45,13029,802
2018-06-17 12:50,13037,790
2018-06-17 12:55,13056,795
2018-06-17 13:00,12266,786
2018-06-17 13:05,12257,772
2018-06-17 13:10,12255,799
2018-06-17 13:15,12373,792
2018-06-17 13:20,12394,814
2018-06-17 13:25,12406,868
2018-06-17 13:30,13066,892
2018-06-17 13:35,13066,875
2018-06-17 13:40,13064,874
2018-06-17 13:45,13268,881
2018-06-17 13:50,13273,876
2018-06-17 13:55,13264,879
2018-06-17 14:00,13434,888
2018-06-17 14:05,13400,873
2018-06-17 14:10,13323,799
2018-06-17 14:15,11321,757
2018-06-17 14:20,11319,769
2018-06-17 14:25,11322,762
2018-06-17 14:30,10832,759
2018-06-17 14:35,10830,757
2018-06-17 14:40,10846,758
2018-06-17 14:45,10913,775
2018-06-17 14:50,10909,774
2018-06-17 14:55,10912,770
2018-06-17 15:00,11084,795
2018-06-17 15:05,11076,792
2018-06-17 15:10,11062,800
2018-06-17 15:15,10765,816
2018-06-17 15:20,10763,809
2018-06-17 15:25,10764,827
2018-06-17 15:30,10489,818
2018-06-17 15:35,10493,806
2018-06-17 15:40,10500,808
2018-06-17 15:45,10875,843
2018-06-17 15:50,10876,852
2018-06-17 15:55,10881,865
2018-06-17 16:00,11537,871
2018-06-17 16:05,11532,884
2018-06-17 16:10,11526,896
2018-06-17 16:15,11768,884
2018-06-17 16:20,11769,864
2018-06-17 16:25,11778,859
2018-06-17 16:30,12124,872
2018-06-17 16:35,12116,884
2018-06-17 16:40,12082,846
2018-06-17 16:45,11036,868
2018-06-17 16:50,11041,887
2018-06-17 16:55,11033,922
2018-06-17 17:00,11549,941
2018-06-17 17:05,11580,964
2018-06-17 17:10,11614,991
2018-06-17 17:15,12707,1044
2018-06-17 17:20,12708,1059
2018-06-17 17:25,12730,1069
2018-06-17 17:30,13656,1092
2018-06-17 17:35,13675,1134
2018-06-17 17:40,13687,1187
2018-06-17 17:45,14526,1181
2018-06-17 17:50,14531,1210
2018-06-17 17:55,14518,1234
2018-06-17 18:00,13913,1246
2018-06-17 18:05,13915,1241
2018-06-17 18:10,13938,1253
2018-06-17 18:15,15135,1280
2018-06-17 18:20,15164,1355
2018-06-17 18:25,15190,1413
2018-06-17 18:30,12125,1427
2018-06-17 18:35,12125,1462
2018-06-17 18:40,12144,1506
2018-06-17 18:45,16239,1550
2018-06-17 18:50,16242,1573
2018-06-17 18:55,16271,1613
2018-06-17 19:00,16298,1675
2018-06-17 19:05,14940,1652
2018-06-17 19:10,14923,1704
2018-06-17 19:15,15297,1787
2018-06-17 19:20,15324,1926
2018-06-17 19:25,15393,2118
2018-06-17 19:30,17845,2417
2018-06-17 19:35,17967,2733
2018-06-17 19:40,18081,3117
2018-06-17 19:45,22161,3603
2018-06-17 19:50,22320,4245
2018-06-17 19:55,22726,5264
2018-06-17 20:00,33819,6760
2018-06-17 20:05,34309,7744
2018-06-17 20:10,34669,8326
2018-06-17 20:15,38829,8836
2018-06-17 20:20,39004,9203
2018-06-17 20:25,39113,9455
2018-06-17 20:30,41553,9692
2018-06-17 20:35,41652,9950
2018-06-17 20:40,41751,10173
2018-06-17 20:45,22080,9954
2018-06-17 20:50,21283,8727
2018-06-17 20:55,21322,8939
2018-06-17 21:00,14407,9474
2018-06-17 21:05,14891,10222
2018-06-17 21:10,15213,10824
2018-06-17 21:15,43832,11319
2018-06-17 21:20,43904,11537
2018-06-17 21:25,43967,11673
2018-06-17 21:30,50553,11853
2018-06-17 21:35,50635,12140
2018-06-17 21:40,50684,12286
2018-06-17 21:45,26919,12451
2018-06-17 21:50,27131,12776
2018-06-17 21:55,25420,10458
2018-06-17 22:00,10667,8169
2018-06-17 22:05,10307,7534
2018-06-17 22:10,10270,7492
2018-06-17 22:15,26573,7459
2018-06-17 22:20,26565,7573
2018-06-17 22:25,26655,7510
2018-06-17 22:30,28862,7588
2018-06-17 22:35,29032,7950
2018-06-17 22:40,29275,8060
2018-06-17 22:45,34134,8486
2018-06-17 22:50,34563,9232
2018-06-17 22:55,35592,10826
2018-06-17 23:00,53942,12850
2018-06-17 23:05,55227,14114
2018-06-17 23:10,56024,14712
2018-06-17 23:15,56480,15030
2018-06-17 23:20,63190,15297
2018-06-17 23:25,63495,15469
2018-06-17 23:30,37222,15548
2018-06-17 23:35,37552,15701
2018-06-17 23:40,37772,15882
2018-06-17 23:45,36258,14064
2018-06-17 23:50,31982,6553
2018-06-17 23:55,28202,2104
2018-06-18 0:00,28197,2104
2018-06-18 0:05,28197,0
2018-06-18 0:10,28197,0
2018-06-18 0:15,28197,0
2018-06-18 0:20,28197,0
2018-06-18 0:25,28197,0
2018-06-18 0:30,28197,0
2018-06-18 0:35,28197,0
2018-06-18 0:40,28197,0
2018-06-18 0:45,28197,0
2018-06-18 0:50,28527,1685
2018-06-18 0:55,28281,408
2018-06-18 1:00,28326,457
2018-06-18 1:05,28454,738
2018-06-18 1:10,28663,1470
2018-06-18 1:15,29174,2616
2018-06-18 1:20,29886,5131
2018-06-18 1:25,29984,5641
2018-06-18 1:30,30058,5662
2018-06-18 1:35,30145,5749
2018-06-18 1:40,30262,6294
2018-06-18 1:45,30410,6694
2018-06-18 1:50,30656,7282
2018-06-18 1:55,31317,8403
2018-06-18 2:00,32331,9630
2018-06-18 2:05,32989,10148
2018-06-18 2:10,33275,10534
2018-06-18 2:15,33502,10796
2018-06-18 2:20,33619,10938
2018-06-18 2:25,33681,11027
2018-06-18 2:30,33692,11001
2018-06-18 2:35,33675,10949
2018-06-18 2:40,33648,10907
2018-06-18 2:45,33241,10492
2018-06-18 2:50,31748,8521
2018-06-18 2:55,31796,8528
2018-06-18 3:00,32159,8980
2018-06-18 3:05,32614,9579
2018-06-18 3:10,32868,9837
2018-06-18 3:15,32993,9997
2018-06-18 3:20,33020,10046
2018-06-18 3:25,33057,10026
2018-06-18 3:30,33093,10023
2018-06-18 3:35,33118,10038
2018-06-18 3:40,33147,10048
2018-06-18 3:45,33209,10102
2018-06-18 3:50,33246,10091
2018-06-18 3:55,31007,6594
2018-06-18 4:00,29715,3682
2018-06-18 4:05,29327,2797
2018-06-18 4:10,29177,2487
2018-06-18 4:15,29100,2299
2018-06-18 4:20,29059,2151
2018-06-18 4:25,29016,2006
2018-06-18 4:30,28974,1919
2018-06-18 4:35,28947,1831
2018-06-18 4:40,28918,1741
2018-06-18 4:45,28890,1694
2018-06-18 4:50,28763,1633
2018-06-18 4:55,28753,1582
2018-06-18 5:00,28737,1539
2018-06-18 5:05,28708,1490
2018-06-18 5:10,28685,1451
2018-06-18 5:15,28673,1431
2018-06-18 5:20,28660,1396
2018-06-18 5:25,28650,1367
2018-06-18 5:30,28645,1345
2018-06-18 5:35,28632,1311
2018-06-18 5:40,28618,1285
2018-06-18 5:45,28608,1277
2018-06-18 5:50,28602,1254
2018-06-18 5:55,28594,1231
2018-06-18 6:00,28586,1215
2018-06-18 6:05,28577,1203
2018-06-18 6:10,28571,1178
2018-06-18 6:15,28554,1146
2018-06-18 6:20,28553,1128
2018-06-18 6:25,28548,1108
2018-06-18 6:30,28538,1088
2018-06-18 6:35,28531,1077
2018-06-18 6:40,28537,1084
2018-06-18 6:45,28537,1069
2018-06-18 6:50,28531,1067
2018-06-18 6:55,28550,1076
2018-06-18 7:00,28556,1077
2018-06-18 7:05,28541,1056
2018-06-18 7:10,28535,1067
2018-06-18 7:15,28528,1046
2018-06-18 7:20,28509,1035
2018-06-18 7:25,28487,1023
2018-06-18 7:30,28482,1004
2018-06-18 7:35,28476,1000
2018-06-18 7:40,28467,980
2018-06-18 7:45,28475,979
2018-06-18 7:50,28479,1000
2018-06-18 7:55,28480,1004
2018-06-18 8:00,28493,993
2018-06-18 8:05,28492,986
2018-06-18 8:10,28494,990
2018-06-18 8:15,28501,991
2018-06-18 8:20,28501,990
2018-06-18 8:25,28506,996
2018-06-18 8:30,28506,1002
2018-06-18 8:35,28461,945
2018-06-18 8:40,28449,926
2018-06-18 8:45,28439,880
2018-06-18 8:50,28441,867
2018-06-18 8:55,28451,899
2018-06-18 9:00,28462,916
2018-06-18 9:05,28462,896
2018-06-18 9:10,28477,902
2018-06-18 9:15,28474,913
2018-06-18 9:20,28484,905
2018-06-18 9:25,28497,934
2018-06-18 9:30,28500,963
2018-06-18 9:35,28537,1008
2018-06-18 9:40,28576,1009
2018-06-18 9:45,28603,1016
2018-06-18 9:50,28623,1036
2018-06-18 9:55,28637,1096
2018-06-18 10:00,28652,1085
2018-06-18 10:05,28652,1086
2018-06-18 10:10,28667,1019
2018-06-18 10:15,28684,962
2018-06-18 10:20,28697,921
2018-06-18 10:25,28700,879
2018-06-18 10:30,28626,820
2018-06-18 10:35,28610,777
2018-06-18 10:40,28617,754
2018-06-18 10:45,28662,750
2018-06-18 10:50,28671,726
2018-06-18 10:55,28669,898
2018-06-18 11:00,28672,962
2018-06-18 11:05,28679,994
2018-06-18 11:10,28686,1026
2018-06-18 11:15,28695,1069
2018-06-18 11:20,28713,1060
2018-06-18 11:25,28721,1072
2018-06-18 11:30,28724,1095
2018-06-18 11:35,28641,1043
2018-06-18 11:40,28493,891
2018-06-18 11:45,28444,807
2018-06-18 11:50,28422,779
2018-06-18 11:55,28416,774
2018-06-18 12:00,28403,767
2018-06-18 12:05,28394,745
2018-06-18 12:10,28393,741
2018-06-18 12:15,28403,745
2018-06-18 12:20,28406,751
2018-06-18 12:25,28385,766
2018-06-18 12:30,28384,762
2018-06-18 12:35,28381,751
2018-06-18 12:40,28378,745
2018-06-18 12:45,28381,724
2018-06-18 12:50,28390,740
2018-06-18 12:55,28386,752
2018-06-18 13:00,28375,724
2018-06-18 13:05,28369,711
2018-06-18 13:10,28362,709
2018-06-18 13:15,28367,707
2018-06-18 13:20,28371,709
2018-06-18 13:25,28372,705
2018-06-18 13:30,28371,703
2018-06-18 13:35,28372,712
2018-06-18 13:40,28379,736
2018-06-18 13:45,28379,742
2018-06-18 13:50,28374,728
2018-06-18 13:55,28372,744
2018-06-18 14:00,28375,763
2018-06-18 14:05,28361,760
2018-06-18 14:10,28343,737
2018-06-18 14:15,28342,715
2018-06-18 14:20,28342,742
2018-06-18 14:25,28342,736
2018-06-18 14:30,28345,733
2018-06-18 14:35,28344,731
2018-06-18 14:40,28347,756
2018-06-18 14:45,28340,759
2018-06-18 14:50,28351,776
2018-06-18 14:55,28352,781
2018-06-18 15:00,28360,795
2018-06-18 15:05,28368,802
2018-06-18 15:10,28372,810
2018-06-18 15:15,28376,817
2018-06-18 15:20,28364,795
2018-06-18 15:25,28354,783
2018-06-18 15:30,28353,775
2018-06-18 15:35,28357,767
2018-06-18 15:40,28366,787
2018-06-18 15:45,28379,784
2018-06-18 15:50,28393,791
2018-06-18 15:55,28391,794
2018-06-18 16:00,8030,803
2018-06-18 16:05,8032,810
2018-06-18 16:10,11234,830
2018-06-18 16:15,11237,838
2018-06-18 16:20,11237,857
2018-06-18 16:25,11720,884
2018-06-18 16:30,11724,903
2018-06-18 16:35,11704,922
2018-06-18 16:40,11277,909
2018-06-18 16:45,11282,919
2018-06-18 16:50,11274,926
2018-06-18 16:55,11984,932
2018-06-18 17:00,11996,970
2018-06-18 17:05,12007,993
2018-06-18 17:10,12700,1033
2018-06-18 17:15,12716,1069
2018-06-18 17:20,12731,1108
2018-06-18 17:25,14095,1123
2018-06-18 17:30,14109,1114
2018-06-18 17:35,14098,1136
2018-06-18 17:40,14945,1175
2018-06-18 17:45,14954,1191
2018-06-18 17:50,14970,1255
2018-06-18 17:55,15003,1280
2018-06-18 18:00,14311,1312
2018-06-18 18:05,14309,1334
2018-06-18 18:10,14326,1371
2018-06-18 18:15,15374,1388
2018-06-18 18:20,15383,1442
2018-06-18 18:25,15367,1475
2018-06-18 18:30,10474,1506
2018-06-18 18:35,10479,1534
2018-06-18 18:40,10493,1602
2018-06-18 18:45,16816,1682
2018-06-18 18:50,16824,1742
2018-06-18 18:55,16840,1838
2018-06-18 19:00,17778,1964
2018-06-18 19:05,17757,2053
2018-06-18 19:10,17702,2146
2018-06-18 19:15,15171,2290
2018-06-18 19:20,15236,2548
2018-06-18 19:25,15335,2937
2018-06-18 19:30,17755,3383
2018-06-18 19:35,17983,3913
2018-06-18 19:40,18209,4613
2018-06-18 19:45,22230,5363
2018-06-18 19:50,22557,6489
2018-06-18 19:55,23288,8271
2018-06-18 20:00,43148,10701
2018-06-18 20:05,44115,12289
2018-06-18 20:10,44606,13165
2018-06-18 20:15,58611,13844
2018-06-18 20:20,58953,14389
2018-06-18 20:25,59218,14839
2018-06-18 20:30,65841,15244
2018-06-18 20:35,66004,15493
2018-06-18 20:40,66149,15803
2018-06-18 20:45,66711,15496
2018-06-18 20:50,65118,13089
2018-06-18 20:55,65211,13289
2018-06-18 21:00,64644,14097
2018-06-18 21:05,65503,15375
2018-06-18 21:10,66180,16235
2018-06-18 21:15,76429,16808
2018-06-18 21:20,76858,17300
2018-06-18 21:25,76865,17364
2018-06-18 21:30,80449,17397
2018-06-18 21:35,80622,17628
2018-06-18 21:40,80847,17796
2018-06-18 21:45,83313,17482
2018-06-18 21:50,82530,3529
2018-06-18 21:55,76122,716
2018-06-18 22:00,47265,175
2018-06-18 22:05,46949,175
2018-06-18 22:10,46949,0
2018-06-18 22:15,40351,0
2018-06-18 22:20,40351,0
2018-06-18 22:25,40351,0
2018-06-18 22:30,38476,0
2018-06-18 22:35,38476,0
2018-06-18 22:40,38476,0
2018-06-18 22:45,38867,0
2018-06-18 22:50,38867,0
2018-06-18 22:55,38867,0
2018-06-18 23:00,47898,0
2018-06-18 23:05,47898,75
2018-06-18 23:10,47898,471
2018-06-18 23:15,54216,510
2018-06-18 23:20,54580,2303
2018-06-18 23:25,55005,3936
2018-06-18 23:30,56735,2315
2018-06-18 23:35,56885,2898
2018-06-18 23:40,57810,4925
2018-06-18 23:45,56191,7051
2018-06-18 23:50,57466,10712
2018-06-18 23:55,57785,11312
2018-06-19 0:00,53396,11736
2018-06-19 0:05,54100,12470
2018-06-19 0:10,54605,13079
2018-06-19 0:15,58032,13286
2018-06-19 0:20,58140,13262
2018-06-19 0:25,58133,13228
2018-06-19 0:30,56733,12733
2018-06-19 0:35,56610,12474
2018-06-19 0:40,56494,12291
2018-06-19 0:45,54209,11992
2018-06-19 0:50,53937,11569
2018-06-19 0:55,51333,7401
2018-06-19 1:00,39285,5819
2018-06-19 1:05,38984,5148
2018-06-19 1:10,38918,4934
2018-06-19 1:15,35921,4679
2018-06-19 1:20,35858,4510
2018-06-19 1:25,35793,4361
2018-06-19 1:30,34052,4301
2018-06-19 1:35,34080,4278
2018-06-19 1:40,34125,4331
2018-06-19 1:45,33758,4370
2018-06-19 1:50,33848,4553
2018-06-19 1:55,34094,4958
2018-06-19 2:00,36187,5509
2018-06-19 2:05,36584,5744
2018-06-19 2:10,36765,5972
2018-06-19 2:15,38267,6212
2018-06-19 2:20,38318,6292
2018-06-19 2:25,38341,6344
2018-06-19 2:30,38581,6370
2018-06-19 2:35,38645,6421
2018-06-19 2:40,38685,6481
2018-06-19 2:45,38078,6483
2018-06-19 2:50,37183,5230
2018-06-19 2:55,37171,5127
2018-06-19 3:00,36130,5270
2018-06-19 3:05,36376,5587
2018-06-19 3:10,36533,5772
2018-06-19 3:15,37184,5859
2018-06-19 3:20,37215,5844
2018-06-19 3:25,37216,5818
2018-06-19 3:30,37192,5793
2018-06-19 3:35,37189,5772
2018-06-19 3:40,37205,5721
2018-06-19 3:45,37107,5730
2018-06-19 3:50,37042,5652
2018-06-19 3:55,35881,3500
2018-06-19 4:00,31730,2533
2018-06-19 4:05,31555,2151
2018-06-19 4:10,31489,1977
2018-06-19 4:15,30283,1846
2018-06-19 4:20,30253,1780
2018-06-19 4:25,30226,1703
2018-06-19 4:30,29829,1622
2018-06-19 4:35,29816,1564
2018-06-19 4:40,29802,1514
2018-06-19 4:45,29448,1472
2018-06-19 4:50,29439,1445
2018-06-19 4:55,29427,1430
2018-06-19 5:00,29164,1388
2018-06-19 5:05,29140,1355
2018-06-19 5:10,29130,1336
2018-06-19 5:15,28790,1302
2018-06-19 5:20,28780,1271
2018-06-19 5:25,28772,1244
2018-06-19 5:30,28620,1228
2018-06-19 5:35,28611,1217
2018-06-19 5:40,28603,1190
2018-06-19 5:45,25177,1158
2018-06-19 5:50,25178,1134
2018-06-19 5:55,25168,1130
2018-06-19 6:00,28018,1113
2018-06-19 6:05,27997,1089
2018-06-19 6:10,27986,1071
2018-06-19 6:15,27242,1049
2018-06-19 6:20,27218,1043
2018-06-19 6:25,27218,1035
2018-06-19 6:30,26703,1013
2018-06-19 6:35,26696,987
2018-06-19 6:40,26704,969
2018-06-19 6:45,26324,948
2018-06-19 6:50,26319,944
2018-06-19 6:55,26323,924
2018-06-19 7:00,25993,906
2018-06-19 7:05,25987,900
2018-06-19 7:10,25989,888
2018-06-19 7:15,25603,865
2018-06-19 7:20,25586,846
2018-06-19 7:25,25572,823
2018-06-19 7:30,24438,786
2018-06-19 7:35,24432,759
2018-06-19 7:40,24437,759
2018-06-19 7:45,23977,748
2018-06-19 7:50,23988,730
2018-06-19 7:55,23987,727
2018-06-19 8:00,22937,725
2018-06-19 8:05,22934,704
2018-06-19 8:10,22939,692
2018-06-19 8:15,21744,677
2018-06-19 8:20,21721,647
2018-06-19 8:25,21716,650
2018-06-19 8:30,20550,635
2018-06-19 8:35,20528,604
2018-06-19 8:40,20517,594
2018-06-19 8:45,19252,578
2018-06-19 8:50,19236,577
2018-06-19 8:55,19228,588
2018-06-19 9:00,18370,578
2018-06-19 9:05,18375,583
2018-06-19 9:10,18378,574
2018-06-19 9:15,17833,577
2018-06-19 9:20,17837,599
2018-06-19 9:25,17836,594
2018-06-19 9:30,17213,597
2018-06-19 9:35,17236,589
2018-06-19 9:40,17244,598
2018-06-19 9:45,17307,611
2018-06-19 9:50,17316,627
2018-06-19 9:55,17324,620
2018-06-19 10:00,17263,628
2018-06-19 10:05,17264,633
2018-06-19 10:10,17275,646
2018-06-19 10:15,17419,651
2018-06-19 10:20,17414,651
2018-06-19 10:25,17419,655
2018-06-19 10:30,16416,631
2018-06-19 10:35,16401,625
2018-06-19 10:40,16393,618
2018-06-19 10:45,16257,630
2018-06-19 10:50,16265,640
2018-06-19 10:55,16282,648
2018-06-19 11:00,16003,678
2018-06-19 11:05,16008,690
2018-06-19 11:10,16018,703
2018-06-19 11:15,15874,707
2018-06-19 11:20,15892,713
2018-06-19 11:25,15912,728
2018-06-19 11:30,15044,727
2018-06-19 11:35,14921,632
2018-06-19 11:40,14862,565
2018-06-19 11:45,13108,552
2018-06-19 11:50,13093,552
2018-06-19 11:55,13101,532
2018-06-19 12:00,11657,529
2018-06-19 12:05,11667,527
2018-06-19 12:10,11682,542
2018-06-19 12:15,11025,553
2018-06-19 12:20,11026,570
2018-06-19 12:25,11014,571
2018-06-19 12:30,10803,558
2018-06-19 12:35,10809,547
2018-06-19 12:40,10801,550
2018-06-19 12:45,10696,566
2018-06-19 12:50,10706,557
2018-06-19 12:55,10706,557
2018-06-19 13:00,10162,532
2018-06-19 13:05,10157,527
2018-06-19 13:10,10148,534
2018-06-19 13:15,10171,532
2018-06-19 13:20,10178,513
2018-06-19 13:25,10182,509
2018-06-19 13:30,10201,518
2018-06-19 13:35,10185,517
2018-06-19 13:40,10185,524
2018-06-19 13:45,9947,539
2018-06-19 13:50,9948,535
2018-06-19 13:55,9950,530
2018-06-19 14:00,9497,537
2018-06-19 14:05,9431,276
2018-06-19 14:10,9362,3
2018-06-19 14:15,8967,61
2018-06-19 14:20,8998,184
2018-06-19 14:25,9042,347
2018-06-19 14:30,8988,538
2018-06-19 14:35,9006,525
2018-06-19 14:40,9013,521
2018-06-19 14:45,9219,519
2018-06-19 14:50,9225,536
2018-06-19 14:55,9228,543
2018-06-19 15:00,9318,529
2018-06-19 15:05,9323,535
2018-06-19 15:10,9319,547
2018-06-19 15:15,9413,545
2018-06-19 15:20,9421,537
2018-06-19 15:25,9419,532
2018-06-19 15:30,9137,518
2018-06-19 15:35,9133,528
2018-06-19 15:40,9134,534
2018-06-19 15:45,9542,545
2018-06-19 15:50,9553,547
2018-06-19 15:55,9558,556
2018-06-19 16:00,9886,568
2018-06-19 16:05,9886,569
2018-06-19 16:10,9870,563
2018-06-19 16:15,9736,560
2018-06-19 16:20,9717,535
2018-06-19 16:25,9720,529
2018-06-19 16:30,9511,538
2018-06-19 16:35,9502,531
2018-06-19 16:40,9500,527
2018-06-19 16:45,9375,517
2018-06-19 16:50,9364,527
2018-06-19 16:55,9272,115
2018-06-19 17:00,9397,50
2018-06-19 17:05,9425,212
2018-06-19 17:10,9473,477
2018-06-19 17:15,10402,617
2018-06-19 17:20,10421,642
2018-06-19 17:25,10435,662
2018-06-19 17:30,11141,670
2018-06-19 17:35,11149,700
2018-06-19 17:40,11157,728
2018-06-19 17:45,8608,761
2018-06-19 17:50,8606,780
2018-06-19 17:55,8608,830
2018-06-19 18:00,11475,825
2018-06-19 18:05,11490,847
2018-06-19 18:10,11500,879
2018-06-19 18:15,12485,747
2018-06-19 18:20,12514,842
2018-06-19 18:25,12597,1015
2018-06-19 18:30,14386,1046
2018-06-19 18:35,14384,1108
2018-06-19 18:40,14383,1146
2018-06-19 18:45,16239,1199
2018-06-19 18:50,16272,1254
2018-06-19 18:55,16307,1319
2018-06-19 19:00,16306,1427
2018-06-19 19:05,16198,1439
2018-06-19 19:10,16179,1532
2018-06-19 19:15,15292,1686
2018-06-19 19:20,15325,1898
2018-06-19 19:25,15397,2193
2018-06-19 19:30,17070,2574
2018-06-19 19:35,17216,3021
2018-06-19 19:40,17434,3665
2018-06-19 19:45,22001,4458
2018-06-19 19:50,22331,5584
2018-06-19 19:55,23057,7188
2018-06-19 20:00,45547,8133
2018-06-19 20:05,46816,8632
2018-06-19 20:10,47563,8781
2018-06-19 20:15,58233,9518
2018-06-19 20:20,58556,10428
2018-06-19 20:25,58784,10783
2018-06-19 20:30,64275,11031
2018-06-19 20:35,64422,11627
2018-06-19 20:40,64668,12165
2018-06-19 20:45,62643,11951
2018-06-19 20:50,61034,10325
2018-06-19 20:55,61016,10524
2018-06-19 21:00,65296,11312
2018-06-19 21:05,66182,12601
2018-06-19 21:10,66851,13591
2018-06-19 21:15,76239,14238
2018-06-19 21:20,76534,14635
2018-06-19 21:25,76768,14985
2018-06-19 21:30,81794,15277
2018-06-19 21:35,82048,15593
2018-06-19 21:40,82201,15862
2018-06-19 21:45,82569,16165
2018-06-19 21:50,82287,16049
2018-06-19 21:55,77421,9770
2018-06-19 22:00,50269,7922
2018-06-19 22:05,49556,6681
2018-06-19 22:10,49337,6321
2018-06-19 22:15,42604,6008
2018-06-19 22:20,42537,5811
2018-06-19 22:25,42538,5851
2018-06-19 22:30,40469,5796
2018-06-19 22:35,40566,5909
2018-06-19 22:40,40666,6064
2018-06-19 22:45,40628,6271
2018-06-19 22:50,40739,6666
2018-06-19 22:55,41178,7544
2018-06-19 23:00,52420,8960
2018-06-19 23:05,53157,10072
2018-06-19 23:10,53584,10687
2018-06-19 23:15,58371,11123
2018-06-19 23:20,58588,11394
2018-06-19 23:25,58753,11619
2018-06-19 23:30,59708,11744
2018-06-19 23:35,59736,11747
2018-06-19 23:40,59896,11866
2018-06-19 23:45,57066,11922
2018-06-19 23:50,55625,10081
2018-06-19 23:55,55099,9268
2018-06-20 0:00,52580,9331
2018-06-20 0:05,53031,9821
2018-06-20 0:10,53468,10340
2018-06-20 0:15,55450,10498
2018-06-20 0:20,55703,10735
2018-06-20 0:25,55679,10610
2018-06-20 0:30,54386,10454
2018-06-20 0:35,54358,10310
2018-06-20 0:40,54258,10133
2018-06-20 0:45,53059,10048
2018-06-20 0:50,53265,10244
2018-06-20 0:55,51354,7718
2018-06-20 1:00,38641,5310
2018-06-20 1:05,38250,4548
2018-06-20 1:10,38132,4278
2018-06-20 1:15,35236,4088
2018-06-20 1:20,35120,3813
2018-06-20 1:25,35071,3684
2018-06-20 1:30,33870,3630
2018-06-20 1:35,33892,3614
2018-06-20 1:40,33964,3636
2018-06-20 1:45,33725,3666
2018-06-20 1:50,33774,3820
2018-06-20 1:55,33944,4146
2018-06-20 2:00,36329,4686
2018-06-20 2:05,36615,5002
2018-06-20 2:10,36789,5194
2018-06-20 2:15,37444,5329
2018-06-20 2:20,37507,5349
2018-06-20 2:25,37552,5362
2018-06-20 2:30,37441,5348
2018-06-20 2:35,37439,5312
2018-06-20 2:40,37492,5317
2018-06-20 2:45,35720,4746
2018-06-20 2:50,35421,4228
2018-06-20 2:55,35417,4215
2018-06-20 3:00,35817,4415
2018-06-20 3:05,35976,4569
2018-06-20 3:10,36049,4638
2018-06-20 3:15,35940,4625
2018-06-20 3:20,35873,4435
2018-06-20 3:25,35848,4294
2018-06-20 3:30,35760,4303
2018-06-20 3:35,35754,4285
2018-06-20 3:40,35735,4227
2018-06-20 3:45,34596,4129
2018-06-20 3:50,34150,3433
2018-06-20 3:55,33661,2396
2018-06-20 4:00,31091,2062
2018-06-20 4:05,31011,1886
2018-06-20 4:10,30984,1796
2018-06-20 4:15,30461,1722
2018-06-20 4:20,30438,1654
2018-06-20 4:25,30414,1598
2018-06-20 4:30,30079,1557
2018-06-20 4:35,30064,1527
2018-06-20 4:40,30056,1468
2018-06-20 4:45,29877,1433
2018-06-20 4:50,29865,1397
2018-06-20 4:55,29846,1374
2018-06-20 5:00,29480,1354
2018-06-20 5:05,29461,1314
2018-06-20 5:10,29440,1288
2018-06-20 5:15,29180,1270
2018-06-20 5:20,29176,1235
2018-06-20 5:25,29171,1218
2018-06-20 5:30,29037,1202
2018-06-20 5:35,29030,1172
2018-06-20 5:40,29022,1153
2018-06-20 5:45,20622,1118
2018-06-20 5:50,20620,1102
2018-06-20 5:55,20610,1081
2018-06-20 6:00,28537,1066
2018-06-20 6:05,28525,1047
2018-06-20 6:10,28509,1020
2018-06-20 6:15,27846,1002
2018-06-20 6:20,27840,980
2018-06-20 6:25,27826,974
2018-06-20 6:30,27208,959
2018-06-20 6:35,27195,950
2018-06-20 6:40,27199,937
2018-06-20 6:45,26823,926
2018-06-20 6:50,26805,909
2018-06-20 6:55,26797,913
2018-06-20 7:00,26555,894
2018-06-20 7:05,26543,868
2018-06-20 7:10,26546,860
2018-06-20 7:15,26011,848
2018-06-20 7:20,26008,803
2018-06-20 7:25,25993,777
2018-06-20 7:30,24950,759
2018-06-20 7:35,24937,733
2018-06-20 7:40,24934,727
2018-06-20 7:45,24457,716
2018-06-20 7:50,24459,702
2018-06-20 7:55,24468,687
2018-06-20 8:00,23290,663
2018-06-20 8:05,23288,654
2018-06-20 8:10,23284,654
2018-06-20 8:15,22274,653
2018-06-20 8:20,22277,646
2018-06-20 8:25,22287,647
2018-06-20 8:30,21425,639
2018-06-20 8:35,21402,642
2018-06-20 8:40,21380,621
2018-06-20 8:45,19951,607
2018-06-20 8:50,19944,605
2018-06-20 8:55,19947,594
2018-06-20 9:00,19087,598
2018-06-20 9:05,19091,601
2018-06-20 9:10,19111,582
2018-06-20 9:15,18386,583
2018-06-20 9:20,18379,587
2018-06-20 9:25,18384,598
2018-06-20 9:30,17584,595
2018-06-20 9:35,17595,614
2018-06-20 9:40,17612,610
2018-06-20 9:45,17683,607
2018-06-20 9:50,17706,601
2018-06-20 9:55,17716,601
2018-06-20 10:00,17493,601
2018-06-20 10:05,17503,612
2018-06-20 10:10,17515,615
2018-06-20 10:15,17341,617
2018-06-20 10:20,17346,618
2018-06-20 10:25,17327,624
2018-06-20 10:30,16548,599
2018-06-20 10:35,16556,603
2018-06-20 10:40,16576,610
2018-06-20 10:45,16569,606
2018-06-20 10:50,16572,614
2018-06-20 10:55,16578,620
2018-06-20 11:00,15742,602
2018-06-20 11:05,15719,579
2018-06-20 11:10,15715,569
2018-06-20 11:15,15047,562
2018-06-20 11:20,15037,560
2018-06-20 11:25,20864,553
2018-06-20 11:30,19449,528
2018-06-20 11:35,19397,500
2018-06-20 11:40,18570,487
2018-06-20 11:45,17937,481
2018-06-20 11:50,17937,482
2018-06-20 11:55,17703,487
2018-06-20 12:00,16616,503
2018-06-20 12:05,16620,536
2018-06-20 12:10,16263,549
2018-06-20 12:15,15865,581
2018-06-20 12:20,15840,558
2018-06-20 12:25,15714,539
2018-06-20 12:30,15432,524
2018-06-20 12:35,15426,505
2018-06-20 12:40,15398,514
2018-06-20 12:45,15384,519
2018-06-20 12:50,15375,522
2018-06-20 12:55,15286,507
2018-06-20 13:00,14615,482
2018-06-20 13:05,14617,475
2018-06-20 13:10,14351,467
2018-06-20 13:15,14323,468
2018-06-20 13:20,14321,476
2018-06-20 13:25,14491,487
2018-06-20 13:30,14724,488
2018-06-20 13:35,14718,493
2018-06-20 13:40,14789,501
2018-06-20 13:45,14527,494
2018-06-20 13:50,14524,483
2018-06-20 13:55,14472,479
2018-06-20 14:00,14056,474
2018-06-20 14:05,14041,452
2018-06-20 14:10,13590,443
2018-06-20 14:15,13109,431
2018-06-20 14:20,13106,429
2018-06-20 14:25,13054,437
2018-06-20 14:30,12876,439
2018-06-20 14:35,12882,445
2018-06-20 14:40,12870,447
2018-06-20 14:45,13533,462
2018-06-20 14:50,13528,462
2018-06-20 14:55,13666,457
2018-06-20 15:00,13128,464
2018-06-20 15:05,13132,479
2018-06-20 15:10,13129,480
2018-06-20 15:15,13114,483
2018-06-20 15:20,13116,479
2018-06-20 15:25,13091,486
2018-06-20 15:30,12937,475
2018-06-20 15:35,12932,469
2018-06-20 15:40,12870,480
2018-06-20 15:45,13139,485
2018-06-20 15:50,13143,494
2018-06-20 15:55,13465,501
2018-06-20 16:00,13836,507
2018-06-20 16:05,13867,520
2018-06-20 16:10,13912,529
2018-06-20 16:15,14009,534
2018-06-20 16:20,14015,545
2018-06-20 16:25,14204,553
2018-06-20 16:30,14301,559
2018-06-20 16:35,14287,554
2018-06-20 16:40,13844,519
2018-06-20 16:45,13510,514
2018-06-20 16:50,13510,500
2018-06-20 16:55,13665,512
2018-06-20 17:00,13848,525
2018-06-20 17:05,13857,536
2018-06-20 17:10,14062,550
2018-06-20 17:15,14704,571
2018-06-20 17:20,14718,577
2018-06-20 17:25,15164,574
2018-06-20 17:30,15833,578
2018-06-20 17:35,15840,606
2018-06-20 17:40,16184,633
2018-06-20 17:45,13335,640
2018-06-20 17:50,13344,667
2018-06-20 17:55,13348,696
2018-06-20 18:00,16354,720
2018-06-20 18:05,16376,753
2018-06-20 18:10,16393,772
2018-06-20 18:15,18524,807
2018-06-20 18:20,18541,849
2018-06-20 18:25,18570,895
2018-06-20 18:30,19599,926
2018-06-20 18:35,19605,969
2018-06-20 18:40,19617,1023
2018-06-20 18:45,20267,1065
2018-06-20 18:50,20298,1116
2018-06-20 18:55,20319,1189
2018-06-20 19:00,19003,1275
2018-06-20 19:05,19019,1377
2018-06-20 19:10,19050,1502
2018-06-20 19:15,19617,1664
2018-06-20 19:20,19677,1898
2018-06-20 19:25,19798,2233
2018-06-20 19:30,23827,2691
2018-06-20 19:35,24018,3195
2018-06-20 19:40,24276,3937
2018-06-20 19:45,31705,4801
2018-06-20 19:50,32165,6074
2018-06-20 19:55,33085,8174
2018-06-20 20:00,99397,10967
2018-06-20 20:05,100942,13157
2018-06-20 20:10,101693,14517
2018-06-20 20:15,117608,15526
2018-06-20 20:20,117922,15984
2018-06-20 20:25,118256,16754
2018-06-20 20:30,127355,17377
2018-06-20 20:35,127511,17674
2018-06-20 20:40,127602,18024
2018-06-20 20:45,124789,18229
2018-06-20 20:50,122298,15184
2018-06-20 20:55,122230,15324
2018-06-20 21:00,127260,16267
2018-06-20 21:05,128361,17771
2018-06-20 21:10,129177,18886
2018-06-20 21:15,142535,19625
2018-06-20 21:20,142798,20168
2018-06-20 21:25,142957,20498
2018-06-20 21:30,149355,20739
2018-06-20 21:35,149621,20998
2018-06-20 21:40,149876,21330
2018-06-20 21:45,153670,21690
2018-06-20 21:50,153860,21994
2018-06-20 21:55,148508,14639
2018-06-20 22:00,103817,10993
2018-06-20 22:05,72069,9414
2018-06-20 22:10,71820,8873
2018-06-20 22:15,60708,8390
2018-06-20 22:20,60624,8160
2018-06-20 22:25,60562,7970
2018-06-20 22:30,56918,7925
2018-06-20 22:35,56184,5180
2018-06-20 22:40,55190,5946
2018-06-20 22:45,54953,5946
2018-06-20 22:50,54953,0
2018-06-20 22:55,54953,0
2018-06-20 23:00,70086,0
2018-06-20 23:05,70086,0
2018-06-20 23:10,70491,1053
2018-06-20 23:15,78001,11016
2018-06-20 23:20,79258,13438
2018-06-20 23:25,79587,14244
2018-06-20 23:30,81222,14426
2018-06-20 23:35,81219,14454
2018-06-20 23:40,81273,14538
2018-06-20 23:45,74060,14036
2018-06-20 23:50,72779,11931
2018-06-20 23:55,72761,11762
2018-06-21 0:00,71960,12088
2018-06-21 0:05,72412,12725
2018-06-21 0:10,72728,13075
2018-06-21 0:15,73986,13188
2018-06-21 0:20,74092,13247
2018-06-21 0:25,74144,13227
2018-06-21 0:30,72476,13003
2018-06-21 0:35,72470,12858
2018-06-21 0:40,72512,12844
2018-06-21 0:45,68539,12736
2018-06-21 0:50,67861,11724
2018-06-21 0:55,65809,7769
2018-06-21 1:00,52827,6653
2018-06-21 1:05,52642,6152
2018-06-21 1:10,52547,5868
2018-06-21 1:15,49670,5665
2018-06-21 1:20,49592,5439
2018-06-21 1:25,49542,5247
2018-06-21 1:30,47789,5200
2018-06-21 1:35,47801,5187
2018-06-21 1:40,47846,5302
2018-06-21 1:45,47717,5452
2018-06-21 1:50,47772,5684
2018-06-21 1:55,47998,6240
2018-06-21 2:00,52019,7157
2018-06-21 2:05,52488,7706
2018-06-21 2:10,52726,7987
2018-06-21 2:15,53950,8107
2018-06-21 2:20,54077,8225
2018-06-21 2:25,54140,8312
2018-06-21 2:30,54428,8361
2018-06-21 2:35,54473,8372
2018-06-21 2:40,54544,8410
2018-06-21 2:45,52900,8361
2018-06-21 2:50,51908,6824
2018-06-21 2:55,51897,6725
2018-06-21 3:00,51460,6941
2018-06-21 3:05,51741,7320
2018-06-21 3:10,51927,7576
2018-06-21 3:15,52863,7703
2018-06-21 3:20,52959,7758
2018-06-21 3:25,52962,7783
2018-06-21 3:30,53153,7783
2018-06-21 3:35,53175,7736
2018-06-21 3:40,53183,7697
2018-06-21 3:45,52201,7676
2018-06-21 3:50,52178,7625
2018-06-21 3:55,50609,4483
2018-06-21 4:00,44528,3237
2018-06-21 4:05,44385,2832
2018-06-21 4:10,44343,2617
2018-06-21 4:15,43275,2440
2018-06-21 4:20,43222,2301
2018-06-21 4:25,43192,2212
2018-06-21 4:30,42596,2132
2018-06-21 4:35,42581,2045
2018-06-21 4:40,42562,1963
2018-06-21 4:45,42185,1924
2018-06-21 4:50,42180,1866
2018-06-21 4:55,42172,1839
2018-06-21 5:00,41672,1790
2018-06-21 5:05,41649,1728
2018-06-21 5:10,41635,1682
2018-06-21 5:15,41253,1642
2018-06-21 5:20,41247,1604
2018-06-21 5:25,41235,1587
2018-06-21 5:30,40988,1558
2018-06-21 5:35,40978,1525
2018-06-21 5:40,40969,1489
2018-06-21 5:45,32273,1473
2018-06-21 5:50,32265,1458
2018-06-21 5:55,32258,1447
2018-06-21 6:00,40317,1430
2018-06-21 6:05,40309,1413
2018-06-21 6:10,40287,1363
2018-06-21 6:15,39198,1339
2018-06-21 6:20,39187,1330
2018-06-21 6:25,39170,1314
2018-06-21 6:30,38398,1296
2018-06-21 6:35,38389,1286
2018-06-21 6:40,38388,1276
2018-06-21 6:45,37836,1240
2018-06-21 6:50,37828,1219
2018-06-21 6:55,37825,1209
2018-06-21 7:00,37251,1188
2018-06-21 7:05,37243,1145
2018-06-21 7:10,37234,1120
2018-06-21 7:15,36353,1102
2018-06-21 7:20,36335,1063
2018-06-21 7:25,36327,1051
2018-06-21 7:30,34774,1028
2018-06-21 7:35,34774,995
2018-06-21 7:40,34761,972
2018-06-21 7:45,33914,964
2018-06-21 7:50,33913,943
2018-06-21 7:55,33910,930
2018-06-21 8:00,31906,908
2018-06-21 8:05,31909,876
2018-06-21 8:10,31905,864
2018-06-21 8:15,30447,849
2018-06-21 8:20,30453,841
2018-06-21 8:25,30452,821
2018-06-21 8:30,29065,816
2018-06-21 8:35,29033,787
2018-06-21 8:40,29022,766
2018-06-21 8:45,27686,760
2018-06-21 8:50,27690,757
2018-06-21 8:55,27696,737
2018-06-21 9:00,26182,738
2018-06-21 9:05,26185,723
2018-06-21 9:10,26188,718
2018-06-21 9:15,25054,723
2018-06-21 9:20,25063,743
2018-06-21 9:25,25066,738
2018-06-21 9:30,24121,738
2018-06-21 9:35,24134,749
2018-06-21 9:40,24144,766
2018-06-21 9:45,29737,764
2018-06-21 9:50,29751,765
2018-06-21 9:55,29759,772
2018-06-21 10:00,29749,774
2018-06-21 10:05,29756,754
2018-06-21 10:10,29752,769
2018-06-21 10:15,29669,772
2018-06-21 10:20,29712,777
2018-06-21 10:25,29716,775
2018-06-21 10:30,28712,755
2018-06-21 10:35,28274,735
2018-06-21 10:40,28283,733
2018-06-21 10:45,28209,748
2018-06-21 10:50,28424,771
2018-06-21 10:55,28422,773
2018-06-21 11:00,27886,778
2018-06-21 11:05,27703,720
2018-06-21 11:10,27427,52
2018-06-21 11:15,27018,120
2018-06-21 11:20,27094,296
2018-06-21 11:25,27181,651
2018-06-21 11:30,26331,766
2018-06-21 11:35,25719,650
2018-06-21 11:40,25649,595
2018-06-21 11:45,24279,583
2018-06-21 11:50,23719,571
2018-06-21 11:55,23746,584
2018-06-21 12:00,22704,595
2018-06-21 12:05,22189,605
2018-06-21 12:10,22232,623
2018-06-21 12:15,21721,643
2018-06-21 12:20,21480,624
2018-06-21 12:25,19933,623
2018-06-21 12:30,19532,614
2018-06-21 12:35,19417,623
2018-06-21 12:40,19355,626
2018-06-21 12:45,19238,620
2018-06-21 12:50,19162,607
2018-06-21 12:55,19055,611
2018-06-21 13:00,18558,605
2018-06-21 13:05,18236,598
2018-06-21 13:10,18068,585
2018-06-21 13:15,17925,578
2018-06-21 13:20,17853,220
2018-06-21 13:25,17804,57
2018-06-21 13:30,17873,175
2018-06-21 13:35,17899,162
2018-06-21 13:40,17956,336
2018-06-21 13:45,17854,313
2018-06-21 13:50,17929,521
2018-06-21 13:55,17939,562
2018-06-21 14:00,17558,555
2018-06-21 14:05,17370,547
2018-06-21 14:10,17353,544
2018-06-21 14:15,16633,537
2018-06-21 14:20,16454,552
2018-06-21 14:25,16449,545
2018-06-21 14:30,16116,364
2018-06-21 14:35,16071,466
2018-06-21 14:40,16100,553
2018-06-21 14:45,16370,559
2018-06-21 14:50,16516,562
2018-06-21 14:55,16523,633
2018-06-21 15:00,16470,563
2018-06-21 15:05,16376,564
2018-06-21 15:10,16407,550
2018-06-21 15:15,16159,585
2018-06-21 15:20,16117,554
2018-06-21 15:25,16118,549
2018-06-21 15:30,15941,533
2018-06-21 15:35,15849,567
2018-06-21 15:40,15830,530
2018-06-21 15:45,16125,535
2018-06-21 15:50,16297,552
2018-06-21 15:55,16318,553
2018-06-21 16:00,16703,557
2018-06-21 16:05,16784,626
2018-06-21 16:10,16779,559
2018-06-21 16:15,16890,554
2018-06-21 16:20,16940,630
2018-06-21 16:25,16916,575
2018-06-21 16:30,16854,620
2018-06-21 16:35,16690,566
2018-06-21 16:40,16663,563
2018-06-21 16:45,16607,561
2018-06-21 16:50,16736,563
2018-06-21 16:55,16742,588
2018-06-21 17:00,16976,590
2018-06-21 17:05,17006,608
2018-06-21 17:10,17045,620
2018-06-21 17:15,18122,649
2018-06-21 17:20,18563,691
2018-06-21 17:25,18547,668
2018-06-21 17:30,19469,681
2018-06-21 17:35,19879,759
2018-06-21 17:40,19893,771
2018-06-21 17:45,17692,786
2018-06-21 17:50,18217,885
2018-06-21 17:55,18233,906
2018-06-21 18:00,21204,813
2018-06-21 18:05,20843,829
2018-06-21 18:10,20851,848
2018-06-21 18:15,22645,1041
2018-06-21 18:20,23505,958
2018-06-21 18:25,23548,986
2018-06-21 18:30,25828,1004
2018-06-21 18:35,26638,1027
2018-06-21 18:40,26707,1058
2018-06-21 18:45,28840,1101
2018-06-21 18:50,29712,1144
2018-06-21 18:55,29823,1336
2018-06-21 19:00,29287,1297
2018-06-21 19:05,28654,1344
2018-06-21 19:10,28637,1423
2018-06-21 19:15,28263,1770
2018-06-21 19:20,28300,1725
2018-06-21 19:25,28377,2088
2018-06-21 19:30,31283,2378
2018-06-21 19:35,32283,2775
2018-06-21 19:40,32406,3347
2018-06-21 19:45,37073,4054
2018-06-21 19:50,38700,4882
2018-06-21 19:55,39275,6486
2018-06-21 20:00,65627,8812
2018-06-21 20:05,74450,10539
2018-06-21 20:10,75027,11610
2018-06-21 20:15,85881,12524
2018-06-21 20:20,89137,13114
2018-06-21 20:25,89390,13545
2018-06-21 20:30,95960,14070
2018-06-21 20:35,97978,14641
2018-06-21 20:40,98043,15036
2018-06-21 20:45,95456,14761
2018-06-21 20:50,92108,12735
2018-06-21 20:55,92253,13171
2018-06-21 21:00,98103,13801
2018-06-21 21:05,101703,15165
2018-06-21 21:10,102251,15874
2018-06-21 21:15,112118,16698
2018-06-21 21:20,115007,17010
2018-06-21 21:25,115233,17267
2018-06-21 21:30,120708,17732
2018-06-21 21:35,122660,18053
2018-06-21 21:40,122844,18414
2018-06-21 21:45,118515,18716
2018-06-21 21:50,113019,15868
2018-06-21 21:55,110611,11375
2018-06-21 22:00,82665,9902
2018-06-21 22:05,74519,9173
2018-06-21 22:10,74449,9083
2018-06-21 22:15,68225,8667
2018-06-21 22:20,66230,8529
2018-06-21 22:25,66300,8495
2018-06-21 22:30,65462,8667
2018-06-21 22:35,65661,8951
2018-06-21 22:40,65774,9054
2018-06-21 22:45,66954,9540
2018-06-21 22:50,67664,10363
2018-06-21 22:55,68355,11782
2018-06-21 23:00,88427,14153
2018-06-21 23:05,95385,15951
2018-06-21 23:10,96025,17121
2018-06-21 23:15,104234,18016
2018-06-21 23:20,106622,18515
2018-06-21 23:25,106815,18853
2018-06-21 23:30,109911,19128
2018-06-21 23:35,110900,19488
2018-06-21 23:40,111049,19633
2018-06-21 23:45,103107,19025
2018-06-21 23:50,97877,15900
2018-06-21 23:55,97878,15895
2018-06-22 0:00,98659,16306
2018-06-22 0:05,100514,17360
2018-06-22 0:10,101039,18040
2018-06-22 0:15,104106,18236
2018-06-22 0:20,105071,18343
2018-06-22 0:25,105135,18305
2018-06-22 0:30,104266,18342
2018-06-22 0:35,104093,18358
2018-06-22 0:40,104126,18263
2018-06-22 0:45,101393,18397
2018-06-22 0:50,99544,18115
2018-06-22 0:55,95861,11651
2018-06-22 1:00,75863,9312
2018-06-22 1:05,69832,8217
2018-06-22 1:10,69653,7690
2018-06-22 1:15,65739,7470
2018-06-22 1:20,64580,7130
2018-06-22 1:25,64506,6890
2018-06-22 1:30,62893,6897
2018-06-22 1:35,62586,7007
2018-06-22 1:40,62651,7126
2018-06-22 1:45,62743,7355
2018-06-22 1:50,62951,7827
2018-06-22 1:55,63403,8765
2018-06-22 2:00,68745,10046
2018-06-22 2:05,71048,10933
2018-06-22 2:10,71352,11774
2018-06-22 2:15,72903,11665
2018-06-22 2:20,73376,11828
2018-06-22 2:25,73436,11866
2018-06-22 2:30,73922,11926
2018-06-22 2:35,74026,11957
2018-06-22 2:40,74074,11925
2018-06-22 2:45,71453,11427
2018-06-22 2:50,69447,9741
2018-06-22 2:55,69470,9598
2018-06-22 3:00,69639,9944
2018-06-22 3:05,70357,10621
2018-06-22 3:10,70530,10914
2018-06-22 3:15,71344,10839
2018-06-22 3:20,71694,10875
2018-06-22 3:25,71738,10932
2018-06-22 3:30,71824,10916
2018-06-22 3:35,71820,10926
2018-06-22 3:40,71564,10325
2018-06-22 3:45,69094,10075
2018-06-22 3:50,67480,8919
2018-06-22 3:55,66149,5678
2018-06-22 4:00,59993,4652
2018-06-22 4:05,57813,3671
2018-06-22 4:10,57662,3264
2018-06-22 4:15,55770,3082
2018-06-22 4:20,55269,2817
2018-06-22 4:25,55235,2661
2018-06-22 4:30,54609,2578
2018-06-22 4:35,54428,2505
2018-06-22 4:40,54397,2398
2018-06-22 4:45,53933,2269
2018-06-22 4:50,53830,2254
2018-06-22 4:55,53824,2233
2018-06-22 5:00,53378,2138
2018-06-22 5:05,53215,2073
2018-06-22 5:10,53197,2049
2018-06-22 5:15,52894,2036
2018-06-22 5:20,52768,1996
2018-06-22 5:25,52759,1945
2018-06-22 5:30,52546,1947
2018-06-22 5:35,52517,1919
2018-06-22 5:40,52495,1823
2018-06-22 5:45,43539,1791
2018-06-22 5:50,43531,1804
2018-06-22 5:55,43526,1792
2018-06-22 6:00,51859,1738
2018-06-22 6:05,51842,1720
2018-06-22 6:10,51842,1657
2018-06-22 6:15,50515,1632
2018-06-22 6:20,50489,1621
2018-06-22 6:25,50485,1647
2018-06-22 6:30,49647,1627
2018-06-22 6:35,49657,1632
2018-06-22 6:40,49629,1544
2018-06-22 6:45,49295,1511
2018-06-22 6:50,49270,1489
2018-06-22 6:55,49278,1543
2018-06-22 7:00,48668,1466
2018-06-22 7:05,48661,1416
2018-06-22 7:10,48656,1384
2018-06-22 7:15,47560,1319
2018-06-22 7:20,47542,1329
2018-06-22 7:25,47552,1290
2018-06-22 7:30,45237,1247
2018-06-22 7:35,45263,1259
2018-06-22 7:40,45244,1159
2018-06-22 7:45,44562,1208
2018-06-22 7:50,44563,1264
2018-06-22 7:55,44584,1179
2018-06-22 8:00,42775,1116
2018-06-22 8:05,42760,1084
2018-06-22 8:10,42773,1056
2018-06-22 8:15,41404,1009
2018-06-22 8:20,41410,995
2018-06-22 8:25,41412,993
2018-06-22 8:30,39899,1094
2018-06-22 8:35,39902,1019
2018-06-22 8:40,39870,1049
2018-06-22 8:45,37595,965
2018-06-22 8:50,37568,962
2018-06-22 8:55,37571,1055
2018-06-22 9:00,35841,880
2018-06-22 9:05,35840,942
2018-06-22 9:10,35840,863
2018-06-22 9:15,34712,1003
2018-06-22 9:20,34736,927
2018-06-22 9:25,34726,936
2018-06-22 9:30,33641,937
2018-06-22 9:35,33718,889
2018-06-22 9:40,33680,987
2018-06-22 9:45,34197,924
2018-06-22 9:50,34232,1002
2018-06-22 9:55,34244,1063
2018-06-22 10:00,34565,920
2018-06-22 10:05,34588,967
2018-06-22 10:10,34560,1035
2018-06-22 10:15,34751,958
2018-06-22 10:20,34763,953
2018-06-22 10:25,34770,1022
2018-06-22 10:30,32958,922
2018-06-22 10:35,33023,986
2018-06-22 10:40,32977,913
2018-06-22 10:45,33546,917
2018-06-22 10:50,33575,943
2018-06-22 10:55,33609,1068
2018-06-22 11:00,33088,937
2018-06-22 11:05,33093,944
2018-06-22 11:10,33101,996
2018-06-22 11:15,32897,939
2018-06-22 11:20,32447,939
2018-06-22 11:25,32447,0
2018-06-22 11:30,32447,0
2018-06-22 11:35,32447,0
2018-06-22 11:40,32447,0
2018-06-22 11:45,32447,0
2018-06-22 11:50,32447,0
2018-06-22 11:55,32447,0
2018-06-22 12:00,32447,0
2018-06-22 12:05,32447,0
2018-06-22 12:10,32447,0
2018-06-22 12:15,32447,0
2018-06-22 12:20,32447,0
2018-06-22 12:25,32447,0
2018-06-22 12:30,32447,0
2018-06-22 12:35,32447,0
2018-06-22 12:40,32447,0
2018-06-22 12:45,32447,0
2018-06-22 12:50,32447,0
2018-06-22 12:55,32447,0
2018-06-22 13:00,32447,0
2018-06-22 13:05,32447,0
2018-06-22 13:10,32447,0
2018-06-22 13:15,32447,0
2018-06-22 13:20,32447,0
2018-06-22 13:25,32447,0
2018-06-22 13:30,32447,0
2018-06-22 13:35,32447,0
2018-06-22 13:40,32447,0
2018-06-22 13:45,32447,0
2018-06-22 13:50,32447,0
2018-06-22 13:55,32447,0
2018-06-22 14:00,32447,0
2018-06-22 14:05,32447,0
2018-06-22 14:10,32447,0
2018-06-22 14:15,32447,0
2018-06-22 14:20,32447,0
2018-06-22 14:25,32447,0
2018-06-22 14:30,32447,0
2018-06-22 14:35,32447,0
2018-06-22 14:40,32447,0
2018-06-22 14:45,32447,0
2018-06-22 14:50,32447,0
2018-06-22 14:55,32447,0
2018-06-22 15:00,32447,0
2018-06-22 15:05,32447,0
2018-06-22 15:10,32447,0
2018-06-22 15:15,32447,0
2018-06-22 15:20,32447,0
2018-06-22 15:25,32447,0
2018-06-22 15:30,32447,0
2018-06-22 15:35,32447,0
2018-06-22 15:40,32447,0
2018-06-22 15:45,32447,0
2018-06-22 15:50,32447,0
2018-06-22 15:55,32447,0
2018-06-22 16:00,32447,0
2018-06-22 16:05,32447,0
2018-06-22 16:10,32447,0
2018-06-22 16:15,32447,0
2018-06-22 16:20,32447,0
2018-06-22 16:25,32447,0
2018-06-22 16:30,32447,0
2018-06-22 16:35,32447,0
2018-06-22 16:40,32447,0
2018-06-22 16:45,32447,0
2018-06-22 16:50,32447,0
2018-06-22 16:55,32447,0
2018-06-22 17:00,32447,0
2018-06-22 17:05,32447,0
2018-06-22 17:10,32447,0
2018-06-22 17:15,32447,0
2018-06-22 17:20,32447,0
2018-06-22 17:25,32447,0
2018-06-22 17:30,32447,0
2018-06-22 17:35,32447,0
2018-06-22 17:40,32447,0
2018-06-22 17:45,32447,0
2018-06-22 17:50,32447,0
2018-06-22 17:55,32447,0
2018-06-22 18:00,32447,0
2018-06-22 18:05,32447,0
2018-06-22 18:10,32447,0
2018-06-22 18:15,32447,0
2018-06-22 18:20,32447,0
2018-06-22 18:25,32447,0
2018-06-22 18:30,32447,0
2018-06-22 18:35,32447,0
2018-06-22 18:40,32447,0
2018-06-22 18:45,32447,0
2018-06-22 18:50,32447,0
2018-06-22 18:55,32447,0
2018-06-22 19:00,32447,0
2018-06-22 19:05,32447,0
2018-06-22 19:10,32447,0
2018-06-22 19:15,32447,0
2018-06-22 19:20,32447,0
2018-06-22 19:25,32447,0
2018-06-22 19:30,32447,0
2018-06-22 19:35,32447,0
2018-06-22 19:40,32447,0
2018-06-22 19:45,32447,0
2018-06-22 19:50,32447,0
2018-06-22 19:55,32447,0
2018-06-22 20:00,32447,0
2018-06-22 20:05,32447,0
2018-06-22 20:10,32447,0
2018-06-22 20:15,32447,0
2018-06-22 20:20,32447,0
2018-06-22 20:25,32447,0
2018-06-22 20:30,32447,0
2018-06-22 20:35,32447,0
2018-06-22 20:40,32447,0
2018-06-22 20:45,32447,0
2018-06-22 20:50,32447,0
2018-06-22 20:55,32447,0
2018-06-22 21:00,32447,0
2018-06-22 21:05,32447,0
2018-06-22 21:10,32447,0
2018-06-22 21:15,32447,0
2018-06-22 21:20,32447,0
2018-06-22 21:25,32447,0
2018-06-22 21:30,32447,0
2018-06-22 21:35,32447,0
2018-06-22 21:40,32447,0
2018-06-22 21:45,32447,0
2018-06-22 21:50,32447,0
2018-06-22 21:55,32447,0
2018-06-22 22:00,32447,0
2018-06-22 22:05,32447,0
2018-06-22 22:10,32447,0
2018-06-22 22:15,32447,0
2018-06-22 22:20,32447,0
2018-06-22 22:25,32447,0
2018-06-22 22:30,32447,0
2018-06-22 22:35,32447,0
2018-06-22 22:40,32447,0
2018-06-22 22:45,32447,0
2018-06-22 22:50,32447,0
2018-06-22 22:55,32447,0
2018-06-22 23:00,32447,0
2018-06-22 23:05,32447,0
2018-06-22 23:10,32447,0
2018-06-22 23:15,32447,0
2018-06-22 23:20,32447,0
2018-06-22 23:25,32447,0
2018-06-22 23:30,32447,0
2018-06-22 23:35,32447,0
2018-06-22 23:40,32447,0
2018-06-22 23:45,32447,0
2018-06-22 23:50,32447,0
2018-06-22 23:55,32447,0
2018-06-23 0:00,32447,0
2018-06-23 0:05,32447,0
2018-06-23 0:10,32447,0
2018-06-23 0:15,32447,0
2018-06-23 0:20,32447,0
2018-06-23 0:25,32447,0
2018-06-23 0:30,32447,0
2018-06-23 0:35,32447,0
2018-06-23 0:40,32447,0
2018-06-23 0:45,32447,0
2018-06-23 0:50,32447,0
2018-06-23 0:55,32447,0
2018-06-23 1:00,32447,0
2018-06-23 1:05,32447,0
2018-06-23 1:10,32447,0
2018-06-23 1:15,32447,0
2018-06-23 1:20,32447,0
2018-06-23 1:25,32447,0
2018-06-23 1:30,32447,0
2018-06-23 1:35,32447,0
2018-06-23 1:40,32447,0
2018-06-23 1:45,32447,0
2018-06-23 1:50,32447,0
2018-06-23 1:55,32447,0
2018-06-23 2:00,32447,0
2018-06-23 2:05,32447,0
2018-06-23 2:10,32447,0
2018-06-23 2:15,32447,0
2018-06-23 2:20,32447,0
2018-06-23 2:25,32447,0
2018-06-23 2:30,32447,0
2018-06-23 2:35,32447,0
2018-06-23 2:40,32447,0
2018-06-23 2:45,32447,0
2018-06-23 2:50,32447,0
2018-06-23 2:55,32447,0
2018-06-23 3:00,32447,0
2018-06-23 3:05,32447,0
2018-06-23 3:10,32447,0
2018-06-23 3:15,32447,0
2018-06-23 3:20,32447,0
2018-06-23 3:25,32447,0
2018-06-23 3:30,32447,0
2018-06-23 3:35,32447,0
2018-06-23 3:40,32447,0
2018-06-23 3:45,32447,0
2018-06-23 3:50,32447,0
2018-06-23 3:55,32447,0
2018-06-23 4:00,32447,0
2018-06-23 4:05,32447,0
2018-06-23 4:10,32447,0
2018-06-23 4:15,32447,0
2018-06-23 4:20,32447,0
2018-06-23 4:25,32447,0
2018-06-23 4:30,32447,0
2018-06-23 4:35,32447,0
2018-06-23 4:40,32447,0
2018-06-23 4:45,32447,0
2018-06-23 4:50,32447,0
2018-06-23 4:55,32447,0
2018-06-23 5:00,32447,0
2018-06-23 5:05,32447,0
2018-06-23 5:10,32447,0
2018-06-23 5:15,32447,0
2018-06-23 5:20,32447,0
2018-06-23 5:25,32447,0
2018-06-23 5:30,32447,0
2018-06-23 5:35,32447,0
2018-06-23 5:40,32447,0
2018-06-23 5:45,32447,0
2018-06-23 5:50,32447,0
2018-06-23 5:55,32447,0
2018-06-23 6:00,32447,0
2018-06-23 6:05,32447,0
2018-06-23 6:10,32447,0
2018-06-23 6:15,32447,0
2018-06-23 6:20,32447,0
2018-06-23 6:25,32447,0
2018-06-23 6:30,32447,0
2018-06-23 6:35,32447,0
2018-06-23 6:40,32447,0
2018-06-23 6:45,32447,0
2018-06-23 6:50,32447,0
2018-06-23 6:55,32447,0
2018-06-23 7:00,32447,0
2018-06-23 7:05,32447,0
2018-06-23 7:10,32447,0
2018-06-23 7:15,32447,0
2018-06-23 7:20,32447,0
2018-06-23 7:25,32447,0
2018-06-23 7:30,32447,0
2018-06-23 7:35,32447,0
2018-06-23 7:40,32447,0
2018-06-23 7:45,32447,0
2018-06-23 7:50,32447,0
2018-06-23 7:55,32447,0
2018-06-23 8:00,32447,0
2018-06-23 8:05,32447,0
2018-06-23 8:10,32447,0
2018-06-23 8:15,32447,0
2018-06-23 8:20,32447,0
2018-06-23 8:25,32447,0
2018-06-23 8:30,32447,0
2018-06-23 8:35,32447,0
2018-06-23 8:40,32447,0
2018-06-23 8:45,32447,0
2018-06-23 8:50,32447,0
2018-06-23 8:55,32447,0
2018-06-23 9:00,32447,0
2018-06-23 9:05,32447,0
2018-06-23 9:10,32447,0
2018-06-23 9:15,32447,0
2018-06-23 9:20,32447,0
2018-06-23 9:25,32447,0
2018-06-23 9:30,32447,0
2018-06-23 9:35,32447,0
2018-06-23 9:40,32447,0
2018-06-23 9:45,32447,0
2018-06-23 9:50,32447,0
2018-06-23 9:55,32447,0
2018-06-23 10:00,32447,0
2018-06-23 10:05,32447,0
2018-06-23 10:10,32447,0
2018-06-23 10:15,32447,0
2018-06-23 10:20,32447,0
2018-06-23 10:25,32447,0
2018-06-23 10:30,32447,0
2018-06-23 10:35,32447,0
2018-06-23 10:40,32447,0
2018-06-23 10:45,32447,0
2018-06-23 10:50,32447,0
2018-06-23 10:55,32447,0
2018-06-23 11:00,32447,0
2018-06-23 11:05,32447,0
2018-06-23 11:10,32447,0
2018-06-23 11:15,32447,0
2018-06-23 11:20,32447,0
2018-06-23 11:25,32447,0
2018-06-23 11:30,32447,0
2018-06-23 11:35,32447,0
2018-06-23 11:40,32447,0
2018-06-23 11:45,32447,0
2018-06-23 11:50,32447,0
2018-06-23 11:55,32447,0
2018-06-23 12:00,32447,0
2018-06-23 12:05,32447,0
2018-06-23 12:10,32447,0
2018-06-23 12:15,32447,0
2018-06-23 12:20,32447,0
2018-06-23 12:25,32447,0
2018-06-23 12:30,32447,0
2018-06-23 12:35,32447,0
2018-06-23 12:40,32447,0
2018-06-23 12:45,32447,0
2018-06-23 12:50,32447,0
2018-06-23 12:55,32447,0
2018-06-23 13:00,32447,0
2018-06-23 13:05,32447,0
2018-06-23 13:10,32447,0
2018-06-23 13:15,32447,0
2018-06-23 13:20,32447,0
2018-06-23 13:25,32447,0
2018-06-23 13:30,32447,0
2018-06-23 13:35,32447,0
2018-06-23 13:40,32447,0
2018-06-23 13:45,32447,0
2018-06-23 13:50,32447,0
2018-06-23 13:55,32447,0
2018-06-23 14:00,32447,0
2018-06-23 14:05,32447,0
2018-06-23 14:10,32447,0
2018-06-23 14:15,32447,0
2018-06-23 14:20,32447,0
2018-06-23 14:25,32447,0
2018-06-23 14:30,32447,0
2018-06-23 14:35,32447,0
2018-06-23 14:40,32447,0
2018-06-23 14:45,32447,0
2018-06-23 14:50,32447,0
2018-06-23 14:55,32447,0
2018-06-23 15:00,32447,0
2018-06-23 15:05,32447,0
2018-06-23 15:10,32447,0
2018-06-23 15:15,32447,0
2018-06-23 15:20,32447,0
2018-06-23 15:25,32447,0
2018-06-23 15:30,32447,0
2018-06-23 15:35,32447,0
2018-06-23 15:40,32447,0
2018-06-23 15:45,32447,0
2018-06-23 15:50,32447,0
2018-06-23 15:55,32447,0
2018-06-23 16:00,32447,0
2018-06-23 16:05,32447,0
2018-06-23 16:10,32447,0
2018-06-23 16:15,32447,0
2018-06-23 16:20,32447,0
2018-06-23 16:25,32447,0
2018-06-23 16:30,32447,0
2018-06-23 16:35,32447,0
2018-06-23 16:40,32447,0
2018-06-23 16:45,32447,0
2018-06-23 16:50,32447,0
2018-06-23 16:55,32447,0
2018-06-23 17:00,32447,0
2018-06-23 17:05,32447,0
2018-06-23 17:10,32447,0
2018-06-23 17:15,32447,0
2018-06-23 17:20,32447,0
2018-06-23 17:25,32447,0
2018-06-23 17:30,32447,0
2018-06-23 17:35,32447,0
2018-06-23 17:40,32447,0
2018-06-23 17:45,32447,0
2018-06-23 17:50,32447,0
2018-06-23 17:55,32447,0
2018-06-23 18:00,32447,0
2018-06-23 18:05,32447,0
2018-06-23 18:10,32447,0
2018-06-23 18:15,32447,0
2018-06-23 18:20,32447,0
2018-06-23 18:25,32447,0
2018-06-23 18:30,32447,0
2018-06-23 18:35,32447,0
2018-06-23 18:40,32447,0
2018-06-23 18:45,32447,0
2018-06-23 18:50,32447,0
2018-06-23 18:55,32447,0
2018-06-23 19:00,32447,0
2018-06-23 19:05,32447,0
2018-06-23 19:10,32447,0
2018-06-23 19:15,32447,0
2018-06-23 19:20,32447,0
2018-06-23 19:25,32447,0
2018-06-23 19:30,32447,0
2018-06-23 19:35,32447,0
2018-06-23 19:40,32447,0
2018-06-23 19:45,32447,0
2018-06-23 19:50,32447,0
2018-06-23 19:55,32447,0
2018-06-23 20:00,32447,0
2018-06-23 20:05,32447,0
2018-06-23 20:10,32447,0
2018-06-23 20:15,32447,0
2018-06-23 20:20,32447,0
2018-06-23 20:25,32447,0
2018-06-23 20:30,32447,0
2018-06-23 20:35,32447,0
2018-06-23 20:40,32447,0
2018-06-23 20:45,32447,0
2018-06-23 20:50,32447,0
2018-06-23 20:55,32447,0
2018-06-23 21:00,32447,0
2018-06-23 21:05,32447,0
2018-06-23 21:10,32447,0
2018-06-23 21:15,32447,0
2018-06-23 21:20,32447,0
2018-06-23 21:25,32447,0
2018-06-23 21:30,32447,0
2018-06-23 21:35,32447,0
2018-06-23 21:40,32447,0
2018-06-23 21:45,32447,0
2018-06-23 21:50,32447,0
2018-06-23 21:55,32447,0
2018-06-23 22:00,32447,0
2018-06-23 22:05,32447,0
2018-06-23 22:10,32447,0
2018-06-23 22:15,32447,0
2018-06-23 22:20,32447,0
2018-06-23 22:25,32447,0
2018-06-23 22:30,32447,0
2018-06-23 22:35,32447,0
2018-06-23 22:40,32447,0
2018-06-23 22:45,32447,0
2018-06-23 22:50,32447,0
2018-06-23 22:55,32447,0
2018-06-23 23:00,32447,0
2018-06-23 23:05,32447,0
2018-06-23 23:10,32447,0
2018-06-23 23:15,32447,0
2018-06-23 23:20,32447,0
2018-06-23 23:25,32447,0
2018-06-23 23:30,32447,0
2018-06-23 23:35,32447,0
2018-06-23 23:40,32447,0
2018-06-23 23:45,32447,0
2018-06-23 23:50,32447,0
2018-06-23 23:55,32447,0