Date,Hami_Video
2018-06-13-00:00,175
2018-06-13-00:05,164
2018-06-13-00:10,157
2018-06-13-00:15,151
2018-06-13-00:20,140
2018-06-13-00:25,138
2018-06-13-00:30,138
2018-06-13-00:35,137
2018-06-13-00:40,128
2018-06-13-00:45,124
2018-06-13-00:50,122
2018-06-13-00:55,117
2018-06-13-01:00,108
2018-06-13-01:05,114
2018-06-13-01:10,111
2018-06-13-01:15,106
2018-06-13-01:20,101
2018-06-13-01:25,96
2018-06-13-01:30,94
2018-06-13-01:35,93
2018-06-13-01:40,94
2018-06-13-01:45,91
2018-06-13-01:50,92
2018-06-13-01:55,91
2018-06-13-02:00,92
2018-06-13-02:05,90
2018-06-13-02:10,84
2018-06-13-02:15,82
2018-06-13-02:20,83
2018-06-13-02:25,76
2018-06-13-02:30,68
2018-06-13-02:35,61
2018-06-13-02:40,61
2018-06-13-02:45,61
2018-06-13-02:50,61
2018-06-13-02:55,60
2018-06-13-03:00,61
2018-06-13-03:05,59
2018-06-13-03:10,61
2018-06-13-03:15,58
2018-06-13-03:20,58
2018-06-13-03:25,56
2018-06-13-03:30,55
2018-06-13-03:35,54
2018-06-13-03:40,56
2018-06-13-03:45,52
2018-06-13-03:50,53
2018-06-13-03:55,54
2018-06-13-04:00,53
2018-06-13-04:05,50
2018-06-13-04:10,50
2018-06-13-04:15,50
2018-06-13-04:20,49
2018-06-13-04:25,50
2018-06-13-04:30,48
2018-06-13-04:35,47
2018-06-13-04:40,46
2018-06-13-04:45,48
2018-06-13-04:50,46
2018-06-13-04:55,44
2018-06-13-05:00,42
2018-06-13-05:05,42
2018-06-13-05:10,40
2018-06-13-05:15,38
2018-06-13-05:20,37
2018-06-13-05:25,38
2018-06-13-05:30,38
2018-06-13-05:35,39
2018-06-13-05:40,42
2018-06-13-05:45,42
2018-06-13-05:50,42
2018-06-13-05:55,40
2018-06-13-06:00,38
2018-06-13-06:05,42
2018-06-13-06:10,41
2018-06-13-06:15,39
2018-06-13-06:20,36
2018-06-13-06:25,35
2018-06-13-06:30,36
2018-06-13-06:35,33
2018-06-13-06:40,33
2018-06-13-06:45,35
2018-06-13-06:50,34
2018-06-13-06:55,34
2018-06-13-07:00,35
2018-06-13-07:05,38
2018-06-13-07:10,37
2018-06-13-07:15,30
2018-06-13-07:20,32
2018-06-13-07:25,35
2018-06-13-07:30,36
2018-06-13-07:35,36
2018-06-13-07:40,36
2018-06-13-07:45,39
2018-06-13-07:50,37
2018-06-13-07:55,38
2018-06-13-08:00,32
2018-06-13-08:05,29
2018-06-13-08:10,31
2018-06-13-08:15,35
2018-06-13-08:20,35
2018-06-13-08:25,32
2018-06-13-08:30,35
2018-06-13-08:35,44
2018-06-13-08:40,48
2018-06-13-08:45,42
2018-06-13-08:50,40
2018-06-13-08:55,41
2018-06-13-09:00,37
2018-06-13-09:05,36
2018-06-13-09:10,37
2018-06-13-09:15,38
2018-06-13-09:20,34
2018-06-13-09:25,32
2018-06-13-09:30,31
2018-06-13-09:35,29
2018-06-13-09:40,31
2018-06-13-09:45,28
2018-06-13-09:50,30
2018-06-13-09:55,26
2018-06-13-10:00,24
2018-06-13-10:05,22
2018-06-13-10:10,23
2018-06-13-10:15,24
2018-06-13-10:20,22
2018-06-13-10:25,30
2018-06-13-10:30,29
2018-06-13-10:35,28
2018-06-13-10:40,31
2018-06-13-10:45,28
2018-06-13-10:50,28
2018-06-13-10:55,30
2018-06-13-11:00,29
2018-06-13-11:05,25
2018-06-13-11:10,25
2018-06-13-11:15,26
2018-06-13-11:20,29
2018-06-13-11:25,29
2018-06-13-11:30,27
2018-06-13-11:35,28
2018-06-13-11:40,28
2018-06-13-11:45,29
2018-06-13-11:50,32
2018-06-13-11:55,33
2018-06-13-12:00,32
2018-06-13-12:05,33
2018-06-13-12:10,34
2018-06-13-12:15,37
2018-06-13-12:20,34
2018-06-13-12:25,33
2018-06-13-12:30,32
2018-06-13-12:35,38
2018-06-13-12:40,38
2018-06-13-12:45,41
2018-06-13-12:50,42
2018-06-13-12:55,41
2018-06-13-13:00,39
2018-06-13-13:05,44
2018-06-13-13:10,46
2018-06-13-13:15,44
2018-06-13-13:20,44
2018-06-13-13:25,43
2018-06-13-13:30,44
2018-06-13-13:35,41
2018-06-13-13:40,36
2018-06-13-13:45,40
2018-06-13-13:50,37
2018-06-13-13:55,32
2018-06-13-14:00,30
2018-06-13-14:05,33
2018-06-13-14:10,35
2018-06-13-14:15,37
2018-06-13-14:20,36
2018-06-13-14:25,37
2018-06-13-14:30,35
2018-06-13-14:35,34
2018-06-13-14:40,33
2018-06-13-14:45,36
2018-06-13-14:50,38
2018-06-13-14:55,35
2018-06-13-15:00,40
2018-06-13-15:05,42
2018-06-13-15:10,38
2018-06-13-15:15,39
2018-06-13-15:20,37
2018-06-13-15:25,40
2018-06-13-15:30,41
2018-06-13-15:35,39
2018-06-13-15:40,40
2018-06-13-15:45,38
2018-06-13-15:50,40
2018-06-13-15:55,37
2018-06-13-16:00,42
2018-06-13-16:05,40
2018-06-13-16:10,44
2018-06-13-16:15,40
2018-06-13-16:20,42
2018-06-13-16:25,40
2018-06-13-16:30,44
2018-06-13-16:35,46
2018-06-13-16:40,49
2018-06-13-16:45,51
2018-06-13-16:50,50
2018-06-13-16:55,51
2018-06-13-17:00,53
2018-06-13-17:05,58
2018-06-13-17:10,52
2018-06-13-17:15,46
2018-06-13-17:20,42
2018-06-13-17:25,43
2018-06-13-17:30,41
2018-06-13-17:35,36
2018-06-13-17:40,34
2018-06-13-17:45,34
2018-06-13-17:50,34
2018-06-13-17:55,31
2018-06-13-18:00,27
2018-06-13-18:05,33
2018-06-13-18:10,32
2018-06-13-18:15,32
2018-06-13-18:20,32
2018-06-13-18:25,42
2018-06-13-18:30,47
2018-06-13-18:35,47
2018-06-13-18:40,43
2018-06-13-18:45,44
2018-06-13-18:50,39
2018-06-13-18:55,45
2018-06-13-19:00,47
2018-06-13-19:05,48
2018-06-13-19:10,48
2018-06-13-19:15,46
2018-06-13-19:20,47
2018-06-13-19:25,49
2018-06-13-19:30,57
2018-06-13-19:35,50
2018-06-13-19:40,51
2018-06-13-19:45,59
2018-06-13-19:50,59
2018-06-13-19:55,58
2018-06-13-20:00,59
2018-06-13-20:05,58
2018-06-13-20:10,64
2018-06-13-20:15,72
2018-06-13-20:20,68
2018-06-13-20:25,73
2018-06-13-20:30,62
2018-06-13-20:35,65
2018-06-13-20:40,66
2018-06-13-20:45,66
2018-06-13-20:50,71
2018-06-13-20:55,71
2018-06-13-21:00,71
2018-06-13-21:05,75
2018-06-13-21:10,72
2018-06-13-21:15,85
2018-06-13-21:20,89
2018-06-13-21:25,89
2018-06-13-21:30,90
2018-06-13-21:35,90
2018-06-13-21:40,95
2018-06-13-21:45,96
2018-06-13-21:50,98
2018-06-13-21:55,100
2018-06-13-22:00,106
2018-06-13-22:05,106
2018-06-13-22:10,116
2018-06-13-22:15,126
2018-06-13-22:20,138
2018-06-13-22:25,138
2018-06-13-22:30,148
2018-06-13-22:35,157
2018-06-13-22:40,154
2018-06-13-22:45,156
2018-06-13-22:50,161
2018-06-13-22:55,155
2018-06-13-23:00,151
2018-06-13-23:05,151
2018-06-13-23:10,154
2018-06-13-23:15,165
2018-06-13-23:20,160
2018-06-13-23:25,158
2018-06-13-23:30,159
2018-06-13-23:35,143
2018-06-13-23:40,119
2018-06-13-23:45,108
2018-06-13-23:50,98
2018-06-13-23:55,84
2018-06-14-00:00,87
2018-06-14-00:05,83
2018-06-14-00:10,81
2018-06-14-00:15,82
2018-06-14-00:20,78
2018-06-14-00:25,71
2018-06-14-00:30,71
2018-06-14-00:35,71
2018-06-14-00:40,71
2018-06-14-00:45,68
2018-06-14-00:50,74
2018-06-14-00:55,72
2018-06-14-01:00,75
2018-06-14-01:05,65
2018-06-14-01:10,66
2018-06-14-01:15,67
2018-06-14-01:20,68
2018-06-14-01:25,64
2018-06-14-01:30,61
2018-06-14-01:35,60
2018-06-14-01:40,61
2018-06-14-01:45,61
2018-06-14-01:50,59
2018-06-14-01:55,61
2018-06-14-02:00,59
2018-06-14-02:05,57
2018-06-14-02:10,60
2018-06-14-02:15,58
2018-06-14-02:20,62
2018-06-14-02:25,57
2018-06-14-02:30,58
2018-06-14-02:35,57
2018-06-14-02:40,53
2018-06-14-02:45,54
2018-06-14-02:50,57
2018-06-14-02:55,58
2018-06-14-03:00,56
2018-06-14-03:05,55
2018-06-14-03:10,50
2018-06-14-03:15,46
2018-06-14-03:20,45
2018-06-14-03:25,41
2018-06-14-03:30,39
2018-06-14-03:35,37
2018-06-14-03:40,37
2018-06-14-03:45,34
2018-06-14-03:50,33
2018-06-14-03:55,33
2018-06-14-04:00,30
2018-06-14-04:05,31
2018-06-14-04:10,31
2018-06-14-04:15,31
2018-06-14-04:20,31
2018-06-14-04:25,31
2018-06-14-04:30,31
2018-06-14-04:35,31
2018-06-14-04:40,31
2018-06-14-04:45,31
2018-06-14-04:50,31
2018-06-14-04:55,29
2018-06-14-05:00,27
2018-06-14-05:05,28
2018-06-14-05:10,28
2018-06-14-05:15,28
2018-06-14-05:20,28
2018-06-14-05:25,29
2018-06-14-05:30,27
2018-06-14-05:35,29
2018-06-14-05:40,29
2018-06-14-05:45,29
2018-06-14-05:50,28
2018-06-14-05:55,29
2018-06-14-06:00,28
2018-06-14-06:05,29
2018-06-14-06:10,28
2018-06-14-06:15,26
2018-06-14-06:20,25
2018-06-14-06:25,27
2018-06-14-06:30,26
2018-06-14-06:35,27
2018-06-14-06:40,28
2018-06-14-06:45,28
2018-06-14-06:50,29
2018-06-14-06:55,26
2018-06-14-07:00,28
2018-06-14-07:05,29
2018-06-14-07:10,30
2018-06-14-07:15,27
2018-06-14-07:20,27
2018-06-14-07:25,29
2018-06-14-07:30,28
2018-06-14-07:35,30
2018-06-14-07:40,31
2018-06-14-07:45,32
2018-06-14-07:50,33
2018-06-14-07:55,29
2018-06-14-08:00,30
2018-06-14-08:05,31
2018-06-14-08:10,33
2018-06-14-08:15,37
2018-06-14-08:20,42
2018-06-14-08:25,42
2018-06-14-08:30,40
2018-06-14-08:35,39
2018-06-14-08:40,42
2018-06-14-08:45,45
2018-06-14-08:50,46
2018-06-14-08:55,41
2018-06-14-09:00,43
2018-06-14-09:05,44
2018-06-14-09:10,43
2018-06-14-09:15,43
2018-06-14-09:20,43
2018-06-14-09:25,51
2018-06-14-09:30,50
2018-06-14-09:35,53
2018-06-14-09:40,55
2018-06-14-09:45,55
2018-06-14-09:50,56
2018-06-14-09:55,53
2018-06-14-10:00,58
2018-06-14-10:05,52
2018-06-14-10:10,47
2018-06-14-10:15,48
2018-06-14-10:20,56
2018-06-14-10:25,55
2018-06-14-10:30,51
2018-06-14-10:35,52
2018-06-14-10:40,61
2018-06-14-10:45,61
2018-06-14-10:50,62
2018-06-14-10:55,63
2018-06-14-11:00,67
2018-06-14-11:05,63
2018-06-14-11:10,63
2018-06-14-11:15,66
2018-06-14-11:20,64
2018-06-14-11:25,63
2018-06-14-11:30,60
2018-06-14-11:35,59
2018-06-14-11:40,65
2018-06-14-11:45,71
2018-06-14-11:50,75
2018-06-14-11:55,83
2018-06-14-12:00,86
2018-06-14-12:05,80
2018-06-14-12:10,87
2018-06-14-12:15,85
2018-06-14-12:20,85
2018-06-14-12:25,89
2018-06-14-12:30,76
2018-06-14-12:35,82
2018-06-14-12:40,84
2018-06-14-12:45,77
2018-06-14-12:50,85
2018-06-14-12:55,85
2018-06-14-13:00,83
2018-06-14-13:05,93
2018-06-14-13:10,94
2018-06-14-13:15,94
2018-06-14-13:20,91
2018-06-14-13:25,95
2018-06-14-13:30,95
2018-06-14-13:35,95
2018-06-14-13:40,93
2018-06-14-13:45,102
2018-06-14-13:50,100
2018-06-14-13:55,104
2018-06-14-14:00,87
2018-06-14-14:05,84
2018-06-14-14:10,91
2018-06-14-14:15,91
2018-06-14-14:20,92
2018-06-14-14:25,90
2018-06-14-14:30,88
2018-06-14-14:35,88
2018-06-14-14:40,90
2018-06-14-14:45,100
2018-06-14-14:50,97
2018-06-14-14:55,93
2018-06-14-15:00,94
2018-06-14-15:05,93
2018-06-14-15:10,101
2018-06-14-15:15,107
2018-06-14-15:20,102
2018-06-14-15:25,112
2018-06-14-15:30,125
2018-06-14-15:35,111
2018-06-14-15:40,112
2018-06-14-15:45,115
2018-06-14-15:50,112
2018-06-14-15:55,112
2018-06-14-16:00,107
2018-06-14-16:05,114
2018-06-14-16:10,118
2018-06-14-16:15,118
2018-06-14-16:20,117
2018-06-14-16:25,114
2018-06-14-16:30,113
2018-06-14-16:35,120
2018-06-14-16:40,124
2018-06-14-16:45,123
2018-06-14-16:50,132
2018-06-14-16:55,131
2018-06-14-17:00,131
2018-06-14-17:05,135
2018-06-14-17:10,141
2018-06-14-17:15,144
2018-06-14-17:20,160
2018-06-14-17:25,173
2018-06-14-17:30,173
2018-06-14-17:35,158
2018-06-14-17:40,156
2018-06-14-17:45,161
2018-06-14-17:50,166
2018-06-14-17:55,156
2018-06-14-18:00,160
2018-06-14-18:05,170
2018-06-14-18:10,176
2018-06-14-18:15,184
2018-06-14-18:20,195
2018-06-14-18:25,195
2018-06-14-18:30,196
2018-06-14-18:35,196
2018-06-14-18:40,199
2018-06-14-18:45,215
2018-06-14-18:50,220
2018-06-14-18:55,215
2018-06-14-19:00,221
2018-06-14-19:05,233
2018-06-14-19:10,234
2018-06-14-19:15,254
2018-06-14-19:20,272
2018-06-14-19:25,276
2018-06-14-19:30,269
2018-06-14-19:35,308
2018-06-14-19:40,340
2018-06-14-19:45,355
2018-06-14-19:50,373
2018-06-14-19:55,381
2018-06-14-20:00,378
2018-06-14-20:05,395
2018-06-14-20:10,400
2018-06-14-20:15,410
2018-06-14-20:20,425
2018-06-14-20:25,433
2018-06-14-20:30,438
2018-06-14-20:35,452
2018-06-14-20:40,406
2018-06-14-20:45,395
2018-06-14-20:50,407
2018-06-14-20:55,436
2018-06-14-21:00,519
2018-06-14-21:05,531
2018-06-14-21:10,544
2018-06-14-21:15,569
2018-06-14-21:20,613
2018-06-14-21:25,649
2018-06-14-21:30,662
2018-06-14-21:35,755
2018-06-14-21:40,889
2018-06-14-21:45,995
2018-06-14-21:50,1149
2018-06-14-21:55,1389
2018-06-14-22:00,1517
2018-06-14-22:05,1795
2018-06-14-22:10,1858
2018-06-14-22:15,1952
2018-06-14-22:20,2117
2018-06-14-22:25,2250
2018-06-14-22:30,2331
2018-06-14-22:35,2589
2018-06-14-22:40,2741
2018-06-14-22:45,2804
2018-06-14-22:50,2901
2018-06-14-22:55,3101
2018-06-14-23:00,3336
2018-06-14-23:05,3434
2018-06-14-23:10,3434
2018-06-14-23:15,3503
2018-06-14-23:20,3571
2018-06-14-23:25,3621
2018-06-14-23:30,3592
2018-06-14-23:35,3470
2018-06-14-23:40,2762
2018-06-14-23:45,2511
2018-06-14-23:50,1872
2018-06-14-23:55,2092
2018-06-15-00:00,1906
2018-06-15-00:05,1732
2018-06-15-00:10,1731
2018-06-15-00:15,1722
2018-06-15-00:20,1654
2018-06-15-00:25,1716
2018-06-15-00:30,1725
2018-06-15-00:35,1892
2018-06-15-00:40,1985
2018-06-15-00:45,2098
2018-06-15-00:50,2223
2018-06-15-00:55,1798
2018-06-15-01:00,1128
2018-06-15-01:05,790
2018-06-15-01:10,591
2018-06-15-01:15,517
2018-06-15-01:20,472
2018-06-15-01:25,427
2018-06-15-01:30,422
2018-06-15-01:35,394
2018-06-15-01:40,380
2018-06-15-01:45,369
2018-06-15-01:50,370
2018-06-15-01:55,359
2018-06-15-02:00,359
2018-06-15-02:05,340
2018-06-15-02:10,342
2018-06-15-02:15,336
2018-06-15-02:20,337
2018-06-15-02:25,335
2018-06-15-02:30,323
2018-06-15-02:35,313
2018-06-15-02:40,304
2018-06-15-02:45,301
2018-06-15-02:50,295
2018-06-15-02:55,284
2018-06-15-03:00,269
2018-06-15-03:05,259
2018-06-15-03:10,252
2018-06-15-03:15,255
2018-06-15-03:20,251
2018-06-15-03:25,245
2018-06-15-03:30,245
2018-06-15-03:35,250
2018-06-15-03:40,249
2018-06-15-03:45,233
2018-06-15-03:50,236
2018-06-15-03:55,239
2018-06-15-04:00,231
2018-06-15-04:05,216
2018-06-15-04:10,196
2018-06-15-04:15,193
2018-06-15-04:20,177
2018-06-15-04:25,174
2018-06-15-04:30,166
2018-06-15-04:35,167
2018-06-15-04:40,168
2018-06-15-04:45,165
2018-06-15-04:50,163
2018-06-15-04:55,162
2018-06-15-05:00,159
2018-06-15-05:05,157
2018-06-15-05:10,148
2018-06-15-05:15,146
2018-06-15-05:20,147
2018-06-15-05:25,148
2018-06-15-05:30,150
2018-06-15-05:35,155
2018-06-15-05:40,153
2018-06-15-05:45,154
2018-06-15-05:50,150
2018-06-15-05:55,153
2018-06-15-06:00,157
2018-06-15-06:05,158
2018-06-15-06:10,154
2018-06-15-06:15,158
2018-06-15-06:20,157
2018-06-15-06:25,159
2018-06-15-06:30,156
2018-06-15-06:35,152
2018-06-15-06:40,161
2018-06-15-06:45,174
2018-06-15-06:50,174
2018-06-15-06:55,178
2018-06-15-07:00,179
2018-06-15-07:05,176
2018-06-15-07:10,187
2018-06-15-07:15,186
2018-06-15-07:20,196
2018-06-15-07:25,202
2018-06-15-07:30,206
2018-06-15-07:35,214
2018-06-15-07:40,220
2018-06-15-07:45,206
2018-06-15-07:50,230
2018-06-15-07:55,230
2018-06-15-08:00,186
2018-06-15-08:05,183
2018-06-15-08:10,174
2018-06-15-08:15,186
2018-06-15-08:20,176
2018-06-15-08:25,180
2018-06-15-08:30,180
2018-06-15-08:35,183
2018-06-15-08:40,177
2018-06-15-08:45,183
2018-06-15-08:50,182
2018-06-15-08:55,176
2018-06-15-09:00,184
2018-06-15-09:05,190
2018-06-15-09:10,193
2018-06-15-09:15,195
2018-06-15-09:20,198
2018-06-15-09:25,199
2018-06-15-09:30,185
2018-06-15-09:35,194
2018-06-15-09:40,197
2018-06-15-09:45,204
2018-06-15-09:50,214
2018-06-15-09:55,216
2018-06-15-10:00,220
2018-06-15-10:05,227
2018-06-15-10:10,227
2018-06-15-10:15,231
2018-06-15-10:20,231
2018-06-15-10:25,229
2018-06-15-10:30,240
2018-06-15-10:35,241
2018-06-15-10:40,243
2018-06-15-10:45,248
2018-06-15-10:50,232
2018-06-15-10:55,229
2018-06-15-11:00,230
2018-06-15-11:05,209
2018-06-15-11:10,221
2018-06-15-11:15,224
2018-06-15-11:20,240
2018-06-15-11:25,256
2018-06-15-11:30,267
2018-06-15-11:35,259
2018-06-15-11:40,274
2018-06-15-11:45,285
2018-06-15-11:50,280
2018-06-15-11:55,291
2018-06-15-12:00,258
2018-06-15-12:05,256
2018-06-15-12:10,224
2018-06-15-12:15,232
2018-06-15-12:20,217
2018-06-15-12:25,200
2018-06-15-12:30,193
2018-06-15-12:35,200
2018-06-15-12:40,204
2018-06-15-12:45,184
2018-06-15-12:50,182
2018-06-15-12:55,184
2018-06-15-13:00,198
2018-06-15-13:05,199
2018-06-15-13:10,202
2018-06-15-13:15,225
2018-06-15-13:20,225
2018-06-15-13:25,231
2018-06-15-13:30,210
2018-06-15-13:35,212
2018-06-15-13:40,222
2018-06-15-13:45,216
2018-06-15-13:50,211
2018-06-15-13:55,206
2018-06-15-14:00,227
2018-06-15-14:05,222
2018-06-15-14:10,218
2018-06-15-14:15,221
2018-06-15-14:20,216
2018-06-15-14:25,204
2018-06-15-14:30,211
2018-06-15-14:35,220
2018-06-15-14:40,218
2018-06-15-14:45,231
2018-06-15-14:50,234
2018-06-15-14:55,247
2018-06-15-15:00,252
2018-06-15-15:05,244
2018-06-15-15:10,237
2018-06-15-15:15,240
2018-06-15-15:20,248
2018-06-15-15:25,237
2018-06-15-15:30,243
2018-06-15-15:35,255
2018-06-15-15:40,259
2018-06-15-15:45,287
2018-06-15-15:50,285
2018-06-15-15:55,303
2018-06-15-16:00,296
2018-06-15-16:05,300
2018-06-15-16:10,295
2018-06-15-16:15,312
2018-06-15-16:20,316
2018-06-15-16:25,323
2018-06-15-16:30,339
2018-06-15-16:35,363
2018-06-15-16:40,387
2018-06-15-16:45,409
2018-06-15-16:50,430
2018-06-15-16:55,424
2018-06-15-17:00,435
2018-06-15-17:05,429
2018-06-15-17:10,456
2018-06-15-17:15,474
2018-06-15-17:20,478
2018-06-15-17:25,463
2018-06-15-17:30,472
2018-06-15-17:35,501
2018-06-15-17:40,526
2018-06-15-17:45,545
2018-06-15-17:50,544
2018-06-15-17:55,587
2018-06-15-18:00,595
2018-06-15-18:05,611
2018-06-15-18:10,614
2018-06-15-18:15,662
2018-06-15-18:20,728
2018-06-15-18:25,751
2018-06-15-18:30,749
2018-06-15-18:35,766
2018-06-15-18:40,834
2018-06-15-18:45,916
2018-06-15-18:50,992
2018-06-15-18:55,1086
2018-06-15-19:00,1112
2018-06-15-19:05,1261
2018-06-15-19:10,1317
2018-06-15-19:15,1527
2018-06-15-19:20,1622
2018-06-15-19:25,1840
2018-06-15-19:30,2121
2018-06-15-19:35,2502
2018-06-15-19:40,2816
2018-06-15-19:45,3003
2018-06-15-19:50,3412
2018-06-15-19:55,3901
2018-06-15-20:00,4599
2018-06-15-20:05,5073
2018-06-15-20:10,5428
2018-06-15-20:15,5690
2018-06-15-20:20,5861
2018-06-15-20:25,6165
2018-06-15-20:30,6329
2018-06-15-20:35,6507
2018-06-15-20:40,6675
2018-06-15-20:45,6715
2018-06-15-20:50,5847
2018-06-15-20:55,6241
2018-06-15-21:00,6689
2018-06-15-21:05,7261
2018-06-15-21:10,7642
2018-06-15-21:15,7835
2018-06-15-21:20,8121
2018-06-15-21:25,8481
2018-06-15-21:30,8857
2018-06-15-21:35,9199
2018-06-15-21:40,9543
2018-06-15-21:45,9840
2018-06-15-21:50,10034
2018-06-15-21:55,8349
2018-06-15-22:00,6045
2018-06-15-22:05,5445
2018-06-15-22:10,5247
2018-06-15-22:15,5190
2018-06-15-22:20,5280
2018-06-15-22:25,5420
2018-06-15-22:30,5700
2018-06-15-22:35,5790
2018-06-15-22:40,6022
2018-06-15-22:45,6199
2018-06-15-22:50,6522
2018-06-15-22:55,7146
2018-06-15-23:00,8039
2018-06-15-23:05,8669
2018-06-15-23:10,9103
2018-06-15-23:15,9404
2018-06-15-23:20,9584
2018-06-15-23:25,9840
2018-06-15-23:30,9935
2018-06-15-23:35,10044
2018-06-15-23:40,10084
2018-06-15-23:45,10162
2018-06-15-23:50,8906
2018-06-15-23:55,8602
2018-06-16-00:00,8801
2018-06-16-00:05,9273
2018-06-16-00:10,9677
2018-06-16-00:15,9852
2018-06-16-00:20,9965
2018-06-16-00:25,10120
2018-06-16-00:30,10203
2018-06-16-00:35,10258
2018-06-16-00:40,10369
2018-06-16-00:45,10540
2018-06-16-00:50,10649
2018-06-16-00:55,10102
2018-06-16-01:00,7541
2018-06-16-01:05,6661
2018-06-16-01:10,6369
2018-06-16-01:15,6350
2018-06-16-01:20,6322
2018-06-16-01:25,6288
2018-06-16-01:30,6498
2018-06-16-01:35,6725
2018-06-16-01:40,7122
2018-06-16-01:45,7556
2018-06-16-01:50,8102
2018-06-16-01:55,9145
2018-06-16-02:00,10349
2018-06-16-02:05,10936
2018-06-16-02:10,11336
2018-06-16-02:15,11598
2018-06-16-02:20,11803
2018-06-16-02:25,12047
2018-06-16-02:30,12187
2018-06-16-02:35,12224
2018-06-16-02:40,12201
2018-06-16-02:45,11520
2018-06-16-02:50,10291
2018-06-16-02:55,9720
2018-06-16-03:00,9802
2018-06-16-03:05,10512
2018-06-16-03:10,11194
2018-06-16-03:15,11803
2018-06-16-03:20,12467
2018-06-16-03:25,12911
2018-06-16-03:30,13224
2018-06-16-03:35,13456
2018-06-16-03:40,13390
2018-06-16-03:45,13365
2018-06-16-03:50,13316
2018-06-16-03:55,7581
2018-06-16-04:00,5093
2018-06-16-04:05,3347
2018-06-16-04:10,2774
2018-06-16-04:15,2371
2018-06-16-04:20,2111
2018-06-16-04:25,1927
2018-06-16-04:30,1839
2018-06-16-04:35,1762
2018-06-16-04:40,1660
2018-06-16-04:45,1586
2018-06-16-04:50,1548
2018-06-16-04:55,1516
2018-06-16-05:00,1421
2018-06-16-05:05,1340
2018-06-16-05:10,1239
2018-06-16-05:15,1199
2018-06-16-05:20,1182
2018-06-16-05:25,1159
2018-06-16-05:30,1129
2018-06-16-05:35,1115
2018-06-16-05:40,1100
2018-06-16-05:45,1085
2018-06-16-05:50,1064
2018-06-16-05:55,1052
2018-06-16-06:00,1051
2018-06-16-06:05,1026
2018-06-16-06:10,1010
2018-06-16-06:15,987
2018-06-16-06:20,973
2018-06-16-06:25,957
2018-06-16-06:30,952
2018-06-16-06:35,932
2018-06-16-06:40,922
2018-06-16-06:45,901
2018-06-16-06:50,894
2018-06-16-06:55,890
2018-06-16-07:00,876
2018-06-16-07:05,861
2018-06-16-07:10,845
2018-06-16-07:15,829
2018-06-16-07:20,804
2018-06-16-07:25,789
2018-06-16-07:30,786
2018-06-16-07:35,769
2018-06-16-07:40,760
2018-06-16-07:45,739
2018-06-16-07:50,730
2018-06-16-07:55,726
2018-06-16-08:00,717
2018-06-16-08:05,700
2018-06-16-08:10,689
2018-06-16-08:15,673
2018-06-16-08:20,670
2018-06-16-08:25,655
2018-06-16-08:30,637
2018-06-16-08:35,629
2018-06-16-08:40,628
2018-06-16-08:45,617
2018-06-16-08:50,614
2018-06-16-08:55,611
2018-06-16-09:00,608
2018-06-16-09:05,741
2018-06-16-09:10,635
2018-06-16-09:15,586
2018-06-16-09:20,569
2018-06-16-09:25,557
2018-06-16-09:30,537
2018-06-16-09:35,520
2018-06-16-09:40,511
2018-06-16-09:45,506
2018-06-16-09:50,508
2018-06-16-09:55,488
2018-06-16-10:00,486
2018-06-16-10:05,477
2018-06-16-10:10,474
2018-06-16-10:15,451
2018-06-16-10:20,429
2018-06-16-10:25,413
2018-06-16-10:30,402
2018-06-16-10:35,401
2018-06-16-10:40,396
2018-06-16-10:45,391
2018-06-16-10:50,437
2018-06-16-10:55,529
2018-06-16-11:00,616
2018-06-16-11:05,645
2018-06-16-11:10,711
2018-06-16-11:15,823
2018-06-16-11:20,905
2018-06-16-11:25,1014
2018-06-16-11:30,959
2018-06-16-11:35,926
2018-06-16-11:40,827
2018-06-16-11:45,826
2018-06-16-11:50,831
2018-06-16-11:55,794
2018-06-16-12:00,788
2018-06-16-12:05,815
2018-06-16-12:10,780
2018-06-16-12:15,759
2018-06-16-12:20,768
2018-06-16-12:25,777
2018-06-16-12:30,791
2018-06-16-12:35,790
2018-06-16-12:40,795
2018-06-16-12:45,771
2018-06-16-12:50,703
2018-06-16-12:55,712
2018-06-16-13:00,710
2018-06-16-13:05,714
2018-06-16-13:10,703
2018-06-16-13:15,722
2018-06-16-13:20,718
2018-06-16-13:25,740
2018-06-16-13:30,765
2018-06-16-13:35,789
2018-06-16-13:40,800
2018-06-16-13:45,807
2018-06-16-13:50,845
2018-06-16-13:55,892
2018-06-16-14:00,913
2018-06-16-14:05,875
2018-06-16-14:10,843
2018-06-16-14:15,835
2018-06-16-14:20,847
2018-06-16-14:25,843
2018-06-16-14:30,858
2018-06-16-14:35,897
2018-06-16-14:40,931
2018-06-16-14:45,971
2018-06-16-14:50,1009
2018-06-16-14:55,1032
2018-06-16-15:00,1091
2018-06-16-15:05,1105
2018-06-16-15:10,1137
2018-06-16-15:15,1155
2018-06-16-15:20,1201
2018-06-16-15:25,1218
2018-06-16-15:30,1158
2018-06-16-15:35,1202
2018-06-16-15:40,1214
2018-06-16-15:45,1266
2018-06-16-15:50,1309
2018-06-16-15:55,1338
2018-06-16-16:00,1375
2018-06-16-16:05,1423
2018-06-16-16:10,1444
2018-06-16-16:15,1496
2018-06-16-16:20,1534
2018-06-16-16:25,1581
2018-06-16-16:30,1523
2018-06-16-16:35,1396
2018-06-16-16:40,1303
2018-06-16-16:45,1327
2018-06-16-16:50,1359
2018-06-16-16:55,1406
2018-06-16-17:00,1471
2018-06-16-17:05,1531
2018-06-16-17:10,1665
2018-06-16-17:15,1819
2018-06-16-17:20,2019
2018-06-16-17:25,2233
2018-06-16-17:30,2583
2018-06-16-17:35,2948
2018-06-16-17:40,3342
2018-06-16-17:45,3789
2018-06-16-17:50,4477
2018-06-16-17:55,5577
2018-06-16-18:00,7099
2018-06-16-18:05,8165
2018-06-16-18:10,8778
2018-06-16-18:15,9284
2018-06-16-18:20,9658
2018-06-16-18:25,9903
2018-06-16-18:30,10109
2018-06-16-18:35,10354
2018-06-16-18:40,10591
2018-06-16-18:45,9976
2018-06-16-18:50,8772
2018-06-16-18:55,9116
2018-06-16-19:00,9770
2018-06-16-19:05,10445
2018-06-16-19:10,10085
2018-06-16-19:15,8873
2018-06-16-19:20,7901
2018-06-16-19:25,3201
2018-06-16-19:30,1397
2018-06-16-19:35,1
2018-06-16-19:40,19
2018-06-16-19:45,196
2018-06-16-19:50,2
2018-06-16-19:55,19
2018-06-16-20:00,177
2018-06-16-20:05,89
2018-06-16-20:10,340
2018-06-16-20:15,530
2018-06-16-20:20,1463
2018-06-16-20:25,3037
2018-06-16-20:30,4217
2018-06-16-20:35,6212
2018-06-16-20:40,6200
2018-06-16-20:45,6997
2018-06-16-20:50,7753
2018-06-16-20:55,9085
2018-06-16-21:00,9948
2018-06-16-21:05,7115
2018-06-16-21:10,2622
2018-06-16-21:15,249
2018-06-16-21:20,2
2018-06-16-21:25,2
2018-06-16-21:30,0
2018-06-16-21:35,0
2018-06-16-21:40,0
2018-06-16-21:45,0
2018-06-16-21:50,0
2018-06-16-21:55,0
2018-06-16-22:00,0
2018-06-16-22:05,0
2018-06-16-22:10,0
2018-06-16-22:15,0
2018-06-16-22:20,0
2018-06-16-22:25,0
2018-06-16-22:30,0
2018-06-16-22:35,0
2018-06-16-22:40,0
2018-06-16-22:45,0
2018-06-16-22:50,0
2018-06-16-22:55,0
2018-06-16-23:00,0
2018-06-16-23:05,0
2018-06-16-23:10,0
2018-06-16-23:15,0
2018-06-16-23:20,0
2018-06-16-23:25,0
2018-06-16-23:30,0
2018-06-16-23:35,0
2018-06-16-23:40,0
2018-06-16-23:45,0
2018-06-16-23:50,0
2018-06-16-23:55,0
2018-06-17-00:00,0
2018-06-17-00:05,0
2018-06-17-00:10,0
2018-06-17-00:15,0
2018-06-17-00:20,0
2018-06-17-00:25,0
2018-06-17-00:30,0
2018-06-17-00:35,0
2018-06-17-00:40,0
2018-06-17-00:45,0
2018-06-17-00:50,0
2018-06-17-00:55,0
2018-06-17-01:00,0
2018-06-17-01:05,0
2018-06-17-01:10,0
2018-06-17-01:15,0
2018-06-17-01:20,0
2018-06-17-01:25,0
2018-06-17-01:30,0
2018-06-17-01:35,0
2018-06-17-01:40,0
2018-06-17-01:45,0
2018-06-17-01:50,0
2018-06-17-01:55,0
2018-06-17-02:00,0
2018-06-17-02:05,0
2018-06-17-02:10,0
2018-06-17-02:15,0
2018-06-17-02:20,0
2018-06-17-02:25,0
2018-06-17-02:30,0
2018-06-17-02:35,0
2018-06-17-02:40,0
2018-06-17-02:45,0
2018-06-17-02:50,0
2018-06-17-02:55,0
2018-06-17-03:00,0
2018-06-17-03:05,0
2018-06-17-03:10,0
2018-06-17-03:15,0
2018-06-17-03:20,0
2018-06-17-03:25,0
2018-06-17-03:30,0
2018-06-17-03:35,0
2018-06-17-03:40,0
2018-06-17-03:45,0
2018-06-17-03:50,0
2018-06-17-03:55,0
2018-06-17-04:00,0
2018-06-17-04:05,0
2018-06-17-04:10,0
2018-06-17-04:15,0
2018-06-17-04:20,0
2018-06-17-04:25,0
2018-06-17-04:30,0
2018-06-17-04:35,0
2018-06-17-04:40,0
2018-06-17-04:45,0
2018-06-17-04:50,0
2018-06-17-04:55,0
2018-06-17-05:00,0
2018-06-17-05:05,0
2018-06-17-05:10,0
2018-06-17-05:15,0
2018-06-17-05:20,0
2018-06-17-05:25,0
2018-06-17-05:30,0
2018-06-17-05:35,0
2018-06-17-05:40,0
2018-06-17-05:45,0
2018-06-17-05:50,0
2018-06-17-05:55,0
2018-06-17-06:00,0
2018-06-17-06:05,0
2018-06-17-06:10,0
2018-06-17-06:15,0
2018-06-17-06:20,190
2018-06-17-06:25,116
2018-06-17-06:30,424
2018-06-17-06:35,1049
2018-06-17-06:40,1107
2018-06-17-06:45,1103
2018-06-17-06:50,1089
2018-06-17-06:55,1088
2018-06-17-07:00,1069
2018-06-17-07:05,1045
2018-06-17-07:10,1033
2018-06-17-07:15,1025
2018-06-17-07:20,1015
2018-06-17-07:25,1003
2018-06-17-07:30,975
2018-06-17-07:35,981
2018-06-17-07:40,969
2018-06-17-07:45,960
2018-06-17-07:50,963
2018-06-17-07:55,961
2018-06-17-08:00,959
2018-06-17-08:05,929
2018-06-17-08:10,907
2018-06-17-08:15,881
2018-06-17-08:20,860
2018-06-17-08:25,860
2018-06-17-08:30,839
2018-06-17-08:35,846
2018-06-17-08:40,834
2018-06-17-08:45,832
2018-06-17-08:50,805
2018-06-17-08:55,789
2018-06-17-09:00,784
2018-06-17-09:05,787
2018-06-17-09:10,792
2018-06-17-09:15,820
2018-06-17-09:20,806
2018-06-17-09:25,804
2018-06-17-09:30,801
2018-06-17-09:35,801
2018-06-17-09:40,780
2018-06-17-09:45,796
2018-06-17-09:50,787
2018-06-17-09:55,805
2018-06-17-10:00,813
2018-06-17-10:05,805
2018-06-17-10:10,807
2018-06-17-10:15,815
2018-06-17-10:20,834
2018-06-17-10:25,818
2018-06-17-10:30,820
2018-06-17-10:35,811
2018-06-17-10:40,822
2018-06-17-10:45,834
2018-06-17-10:50,833
2018-06-17-10:55,828
2018-06-17-11:00,833
2018-06-17-11:05,834
2018-06-17-11:10,842
2018-06-17-11:15,840
2018-06-17-11:20,824
2018-06-17-11:25,830
2018-06-17-11:30,817
2018-06-17-11:35,775
2018-06-17-11:40,776
2018-06-17-11:45,804
2018-06-17-11:50,802
2018-06-17-11:55,768
2018-06-17-12:00,753
2018-06-17-12:05,745
2018-06-17-12:10,751
2018-06-17-12:15,763
2018-06-17-12:20,764
2018-06-17-12:25,756
2018-06-17-12:30,767
2018-06-17-12:35,803
2018-06-17-12:40,799
2018-06-17-12:45,802
2018-06-17-12:50,790
2018-06-17-12:55,795
2018-06-17-13:00,786
2018-06-17-13:05,772
2018-06-17-13:10,799
2018-06-17-13:15,792
2018-06-17-13:20,814
2018-06-17-13:25,868
2018-06-17-13:30,892
2018-06-17-13:35,875
2018-06-17-13:40,874
2018-06-17-13:45,881
2018-06-17-13:50,876
2018-06-17-13:55,879
2018-06-17-14:00,888
2018-06-17-14:05,873
2018-06-17-14:10,799
2018-06-17-14:15,757
2018-06-17-14:20,769
2018-06-17-14:25,762
2018-06-17-14:30,759
2018-06-17-14:35,757
2018-06-17-14:40,758
2018-06-17-14:45,775
2018-06-17-14:50,774
2018-06-17-14:55,770
2018-06-17-15:00,795
2018-06-17-15:05,792
2018-06-17-15:10,800
2018-06-17-15:15,816
2018-06-17-15:20,809
2018-06-17-15:25,827
2018-06-17-15:30,818
2018-06-17-15:35,806
2018-06-17-15:40,808
2018-06-17-15:45,843
2018-06-17-15:50,852
2018-06-17-15:55,865
2018-06-17-16:00,871
2018-06-17-16:05,884
2018-06-17-16:10,896
2018-06-17-16:15,884
2018-06-17-16:20,864
2018-06-17-16:25,859
2018-06-17-16:30,872
2018-06-17-16:35,884
2018-06-17-16:40,846
2018-06-17-16:45,868
2018-06-17-16:50,887
2018-06-17-16:55,922
2018-06-17-17:00,941
2018-06-17-17:05,964
2018-06-17-17:10,991
2018-06-17-17:15,1044
2018-06-17-17:20,1059
2018-06-17-17:25,1069
2018-06-17-17:30,1092
2018-06-17-17:35,1134
2018-06-17-17:40,1187
2018-06-17-17:45,1181
2018-06-17-17:50,1210
2018-06-17-17:55,1234
2018-06-17-18:00,1246
2018-06-17-18:05,1241
2018-06-17-18:10,1253
2018-06-17-18:15,1280
2018-06-17-18:20,1355
2018-06-17-18:25,1413
2018-06-17-18:30,1427
2018-06-17-18:35,1462
2018-06-17-18:40,1506
2018-06-17-18:45,1550
2018-06-17-18:50,1573
2018-06-17-18:55,1613
2018-06-17-19:00,1675
2018-06-17-19:05,1652
2018-06-17-19:10,1704
2018-06-17-19:15,1787
2018-06-17-19:20,1926
2018-06-17-19:25,2118
2018-06-17-19:30,2417
2018-06-17-19:35,2733
2018-06-17-19:40,3117
2018-06-17-19:45,3603
2018-06-17-19:50,4245
2018-06-17-19:55,5264
2018-06-17-20:00,6760
2018-06-17-20:05,7744
2018-06-17-20:10,8326
2018-06-17-20:15,8836
2018-06-17-20:20,9203
2018-06-17-20:25,9455
2018-06-17-20:30,9692
2018-06-17-20:35,9950
2018-06-17-20:40,10173
2018-06-17-20:45,9954
2018-06-17-20:50,8727
2018-06-17-20:55,8939
2018-06-17-21:00,9474
2018-06-17-21:05,10222
2018-06-17-21:10,10824
2018-06-17-21:15,11319
2018-06-17-21:20,11537
2018-06-17-21:25,11673
2018-06-17-21:30,11853
2018-06-17-21:35,12140
2018-06-17-21:40,12286
2018-06-17-21:45,12451
2018-06-17-21:50,12776
2018-06-17-21:55,10458
2018-06-17-22:00,8169
2018-06-17-22:05,7534
2018-06-17-22:10,7492
2018-06-17-22:15,7459
2018-06-17-22:20,7573
2018-06-17-22:25,7510
2018-06-17-22:30,7588
2018-06-17-22:35,7950
2018-06-17-22:40,8060
2018-06-17-22:45,8486
2018-06-17-22:50,9232
2018-06-17-22:55,10826
2018-06-17-23:00,12850
2018-06-17-23:05,14114
2018-06-17-23:10,14712
2018-06-17-23:15,15030
2018-06-17-23:20,15297
2018-06-17-23:25,15469
2018-06-17-23:30,15548
2018-06-17-23:35,15701
2018-06-17-23:40,15882
2018-06-17-23:45,14064
2018-06-17-23:50,6553
2018-06-17-23:55,2104
2018-06-18-00:00,2104
2018-06-18-00:05,0
2018-06-18-00:10,0
2018-06-18-00:15,0
2018-06-18-00:20,0
2018-06-18-00:25,0
2018-06-18-00:30,0
2018-06-18-00:35,0
2018-06-18-00:40,0
2018-06-18-00:45,0
2018-06-18-00:50,1685
2018-06-18-00:55,408
2018-06-18-01:00,457
2018-06-18-01:05,738
2018-06-18-01:10,1470
2018-06-18-01:15,2616
2018-06-18-01:20,5131
2018-06-18-01:25,5641
2018-06-18-01:30,5662
2018-06-18-01:35,5749
2018-06-18-01:40,6294
2018-06-18-01:45,6694
2018-06-18-01:50,7282
2018-06-18-01:55,8403
2018-06-18-02:00,9630
2018-06-18-02:05,10148
2018-06-18-02:10,10534
2018-06-18-02:15,10796
2018-06-18-02:20,10938
2018-06-18-02:25,11027
2018-06-18-02:30,11001
2018-06-18-02:35,10949
2018-06-18-02:40,10907
2018-06-18-02:45,10492
2018-06-18-02:50,8521
2018-06-18-02:55,8528
2018-06-18-03:00,8980
2018-06-18-03:05,9579
2018-06-18-03:10,9837
2018-06-18-03:15,9997
2018-06-18-03:20,10046
2018-06-18-03:25,10026
2018-06-18-03:30,10023
2018-06-18-03:35,10038
2018-06-18-03:40,10048
2018-06-18-03:45,10102
2018-06-18-03:50,10091
2018-06-18-03:55,6594
2018-06-18-04:00,3682
2018-06-18-04:05,2797
2018-06-18-04:10,2487
2018-06-18-04:15,2299
2018-06-18-04:20,2151
2018-06-18-04:25,2006
2018-06-18-04:30,1919
2018-06-18-04:35,1831
2018-06-18-04:40,1741
2018-06-18-04:45,1694
2018-06-18-04:50,1633
2018-06-18-04:55,1582
2018-06-18-05:00,1539
2018-06-18-05:05,1490
2018-06-18-05:10,1451
2018-06-18-05:15,1431
2018-06-18-05:20,1396
2018-06-18-05:25,1367
2018-06-18-05:30,1345
2018-06-18-05:35,1311
2018-06-18-05:40,1285
2018-06-18-05:45,1277
2018-06-18-05:50,1254
2018-06-18-05:55,1231
2018-06-18-06:00,1215
2018-06-18-06:05,1203
2018-06-18-06:10,1178
2018-06-18-06:15,1146
2018-06-18-06:20,1128
2018-06-18-06:25,1108
2018-06-18-06:30,1088
2018-06-18-06:35,1077
2018-06-18-06:40,1084
2018-06-18-06:45,1069
2018-06-18-06:50,1067
2018-06-18-06:55,1076
2018-06-18-07:00,1077
2018-06-18-07:05,1056
2018-06-18-07:10,1067
2018-06-18-07:15,1046
2018-06-18-07:20,1035
2018-06-18-07:25,1023
2018-06-18-07:30,1004
2018-06-18-07:35,1000
2018-06-18-07:40,980
2018-06-18-07:45,979
2018-06-18-07:50,1000
2018-06-18-07:55,1004
2018-06-18-08:00,993
2018-06-18-08:05,986
2018-06-18-08:10,990
2018-06-18-08:15,991
2018-06-18-08:20,990
2018-06-18-08:25,996
2018-06-18-08:30,1002
2018-06-18-08:35,945
2018-06-18-08:40,926
2018-06-18-08:45,880
2018-06-18-08:50,867
2018-06-18-08:55,899
2018-06-18-09:00,916
2018-06-18-09:05,896
2018-06-18-09:10,902
2018-06-18-09:15,913
2018-06-18-09:20,905
2018-06-18-09:25,934
2018-06-18-09:30,963
2018-06-18-09:35,1008
2018-06-18-09:40,1009
2018-06-18-09:45,1016
2018-06-18-09:50,1036
2018-06-18-09:55,1096
2018-06-18-10:00,1085
2018-06-18-10:05,1086
2018-06-18-10:10,1019
2018-06-18-10:15,962
2018-06-18-10:20,921
2018-06-18-10:25,879
2018-06-18-10:30,820
2018-06-18-10:35,777
2018-06-18-10:40,754
2018-06-18-10:45,750
2018-06-18-10:50,726
2018-06-18-10:55,898
2018-06-18-11:00,962
2018-06-18-11:05,994
2018-06-18-11:10,1026
2018-06-18-11:15,1069
2018-06-18-11:20,1060
2018-06-18-11:25,1072
2018-06-18-11:30,1095
2018-06-18-11:35,1043
2018-06-18-11:40,891
2018-06-18-11:45,807
2018-06-18-11:50,779
2018-06-18-11:55,774
2018-06-18-12:00,767
2018-06-18-12:05,745
2018-06-18-12:10,741
2018-06-18-12:15,745
2018-06-18-12:20,751
2018-06-18-12:25,766
2018-06-18-12:30,762
2018-06-18-12:35,751
2018-06-18-12:40,745
2018-06-18-12:45,724
2018-06-18-12:50,740
2018-06-18-12:55,752
2018-06-18-13:00,724
2018-06-18-13:05,711
2018-06-18-13:10,709
2018-06-18-13:15,707
2018-06-18-13:20,709
2018-06-18-13:25,705
2018-06-18-13:30,703
2018-06-18-13:35,712
2018-06-18-13:40,736
2018-06-18-13:45,742
2018-06-18-13:50,728
2018-06-18-13:55,744
2018-06-18-14:00,763
2018-06-18-14:05,760
2018-06-18-14:10,737
2018-06-18-14:15,715
2018-06-18-14:20,742
2018-06-18-14:25,736
2018-06-18-14:30,733
2018-06-18-14:35,731
2018-06-18-14:40,756
2018-06-18-14:45,759
2018-06-18-14:50,776
2018-06-18-14:55,781
2018-06-18-15:00,795
2018-06-18-15:05,802
2018-06-18-15:10,810
2018-06-18-15:15,817
2018-06-18-15:20,795
2018-06-18-15:25,783
2018-06-18-15:30,775
2018-06-18-15:35,767
2018-06-18-15:40,787
2018-06-18-15:45,784
2018-06-18-15:50,791
2018-06-18-15:55,794
2018-06-18-16:00,803
2018-06-18-16:05,810
2018-06-18-16:10,830
2018-06-18-16:15,838
2018-06-18-16:20,857
2018-06-18-16:25,884
2018-06-18-16:30,903
2018-06-18-16:35,922
2018-06-18-16:40,909
2018-06-18-16:45,919
2018-06-18-16:50,926
2018-06-18-16:55,932
2018-06-18-17:00,970
2018-06-18-17:05,993
2018-06-18-17:10,1033
2018-06-18-17:15,1069
2018-06-18-17:20,1108
2018-06-18-17:25,1123
2018-06-18-17:30,1114
2018-06-18-17:35,1136
2018-06-18-17:40,1175
2018-06-18-17:45,1191
2018-06-18-17:50,1255
2018-06-18-17:55,1280
2018-06-18-18:00,1312
2018-06-18-18:05,1334
2018-06-18-18:10,1371
2018-06-18-18:15,1388
2018-06-18-18:20,1442
2018-06-18-18:25,1475
2018-06-18-18:30,1506
2018-06-18-18:35,1534
2018-06-18-18:40,1602
2018-06-18-18:45,1682
2018-06-18-18:50,1742
2018-06-18-18:55,1838
2018-06-18-19:00,1964
2018-06-18-19:05,2053
2018-06-18-19:10,2146
2018-06-18-19:15,2290
2018-06-18-19:20,2548
2018-06-18-19:25,2937
2018-06-18-19:30,3383
2018-06-18-19:35,3913
2018-06-18-19:40,4613
2018-06-18-19:45,5363
2018-06-18-19:50,6489
2018-06-18-19:55,8271
2018-06-18-20:00,10701
2018-06-18-20:05,12289
2018-06-18-20:10,13165
2018-06-18-20:15,13844
2018-06-18-20:20,14389
2018-06-18-20:25,14839
2018-06-18-20:30,15244
2018-06-18-20:35,15493
2018-06-18-20:40,15803
2018-06-18-20:45,15496
2018-06-18-20:50,13089
2018-06-18-20:55,13289
2018-06-18-21:00,14097
2018-06-18-21:05,15375
2018-06-18-21:10,16235
2018-06-18-21:15,16808
2018-06-18-21:20,17300
2018-06-18-21:25,17364
2018-06-18-21:30,17397
2018-06-18-21:35,17628
2018-06-18-21:40,17796
2018-06-18-21:45,17482
2018-06-18-21:50,3529
2018-06-18-21:55,716
2018-06-18-22:00,175
2018-06-18-22:05,175
2018-06-18-22:10,0
2018-06-18-22:15,0
2018-06-18-22:20,0
2018-06-18-22:25,0
2018-06-18-22:30,0
2018-06-18-22:35,0
2018-06-18-22:40,0
2018-06-18-22:45,0
2018-06-18-22:50,0
2018-06-18-22:55,0
2018-06-18-23:00,0
2018-06-18-23:05,75
2018-06-18-23:10,471
2018-06-18-23:15,510
2018-06-18-23:20,2303
2018-06-18-23:25,3936
2018-06-18-23:30,2315
2018-06-18-23:35,2898
2018-06-18-23:40,4925
2018-06-18-23:45,7051
2018-06-18-23:50,10712
2018-06-18-23:55,11312
2018-06-19-00:00,11736
2018-06-19-00:05,12470
2018-06-19-00:10,13079
2018-06-19-00:15,13286
2018-06-19-00:20,13262
2018-06-19-00:25,13228
2018-06-19-00:30,12733
2018-06-19-00:35,12474
2018-06-19-00:40,12291
2018-06-19-00:45,11992
2018-06-19-00:50,11569
2018-06-19-00:55,7401
2018-06-19-01:00,5819
2018-06-19-01:05,5148
2018-06-19-01:10,4934
2018-06-19-01:15,4679
2018-06-19-01:20,4510
2018-06-19-01:25,4361
2018-06-19-01:30,4301
2018-06-19-01:35,4278
2018-06-19-01:40,4331
2018-06-19-01:45,4370
2018-06-19-01:50,4553
2018-06-19-01:55,4958
2018-06-19-02:00,5509
2018-06-19-02:05,5744
2018-06-19-02:10,5972
2018-06-19-02:15,6212
2018-06-19-02:20,6292
2018-06-19-02:25,6344
2018-06-19-02:30,6370
2018-06-19-02:35,6421
2018-06-19-02:40,6481
2018-06-19-02:45,6483
2018-06-19-02:50,5230
2018-06-19-02:55,5127
2018-06-19-03:00,5270
2018-06-19-03:05,5587
2018-06-19-03:10,5772
2018-06-19-03:15,5859
2018-06-19-03:20,5844
2018-06-19-03:25,5818
2018-06-19-03:30,5793
2018-06-19-03:35,5772
2018-06-19-03:40,5721
2018-06-19-03:45,5730
2018-06-19-03:50,5652
2018-06-19-03:55,3500
2018-06-19-04:00,2533
2018-06-19-04:05,2151
2018-06-19-04:10,1977
2018-06-19-04:15,1846
2018-06-19-04:20,1780
2018-06-19-04:25,1703
2018-06-19-04:30,1622
2018-06-19-04:35,1564
2018-06-19-04:40,1514
2018-06-19-04:45,1472
2018-06-19-04:50,1445
2018-06-19-04:55,1430
2018-06-19-05:00,1388
2018-06-19-05:05,1355
2018-06-19-05:10,1336
2018-06-19-05:15,1302
2018-06-19-05:20,1271
2018-06-19-05:25,1244
2018-06-19-05:30,1228
2018-06-19-05:35,1217
2018-06-19-05:40,1190
2018-06-19-05:45,1158
2018-06-19-05:50,1134
2018-06-19-05:55,1130
2018-06-19-06:00,1113
2018-06-19-06:05,1089
2018-06-19-06:10,1071
2018-06-19-06:15,1049
2018-06-19-06:20,1043
2018-06-19-06:25,1035
2018-06-19-06:30,1013
2018-06-19-06:35,987
2018-06-19-06:40,969
2018-06-19-06:45,948
2018-06-19-06:50,944
2018-06-19-06:55,924
2018-06-19-07:00,906
2018-06-19-07:05,900
2018-06-19-07:10,888
2018-06-19-07:15,865
2018-06-19-07:20,846
2018-06-19-07:25,823
2018-06-19-07:30,786
2018-06-19-07:35,759
2018-06-19-07:40,759
2018-06-19-07:45,748
2018-06-19-07:50,730
2018-06-19-07:55,727
2018-06-19-08:00,725
2018-06-19-08:05,704
2018-06-19-08:10,692
2018-06-19-08:15,677
2018-06-19-08:20,647
2018-06-19-08:25,650
2018-06-19-08:30,635
2018-06-19-08:35,604
2018-06-19-08:40,594
2018-06-19-08:45,578
2018-06-19-08:50,577
2018-06-19-08:55,588
2018-06-19-09:00,578
2018-06-19-09:05,583
2018-06-19-09:10,574
2018-06-19-09:15,577
2018-06-19-09:20,599
2018-06-19-09:25,594
2018-06-19-09:30,597
2018-06-19-09:35,589
2018-06-19-09:40,598
2018-06-19-09:45,611
2018-06-19-09:50,627
2018-06-19-09:55,620
2018-06-19-10:00,628
2018-06-19-10:05,633
2018-06-19-10:10,646
2018-06-19-10:15,651
2018-06-19-10:20,651
2018-06-19-10:25,655
2018-06-19-10:30,631
2018-06-19-10:35,625
2018-06-19-10:40,618
2018-06-19-10:45,630
2018-06-19-10:50,640
2018-06-19-10:55,648
2018-06-19-11:00,678
2018-06-19-11:05,690
2018-06-19-11:10,703
2018-06-19-11:15,707
2018-06-19-11:20,713
2018-06-19-11:25,728
2018-06-19-11:30,727
2018-06-19-11:35,632
2018-06-19-11:40,565
2018-06-19-11:45,552
2018-06-19-11:50,552
2018-06-19-11:55,532
2018-06-19-12:00,529
2018-06-19-12:05,527
2018-06-19-12:10,542
2018-06-19-12:15,553
2018-06-19-12:20,570
2018-06-19-12:25,571
2018-06-19-12:30,558
2018-06-19-12:35,547
2018-06-19-12:40,550
2018-06-19-12:45,566
2018-06-19-12:50,557
2018-06-19-12:55,557
2018-06-19-13:00,532
2018-06-19-13:05,527
2018-06-19-13:10,534
2018-06-19-13:15,532
2018-06-19-13:20,513
2018-06-19-13:25,509
2018-06-19-13:30,518
2018-06-19-13:35,517
2018-06-19-13:40,524
2018-06-19-13:45,539
2018-06-19-13:50,535
2018-06-19-13:55,530
2018-06-19-14:00,537
2018-06-19-14:05,276
2018-06-19-14:10,3
2018-06-19-14:15,61
2018-06-19-14:20,184
2018-06-19-14:25,347
2018-06-19-14:30,538
2018-06-19-14:35,525
2018-06-19-14:40,521
2018-06-19-14:45,519
2018-06-19-14:50,536
2018-06-19-14:55,543
2018-06-19-15:00,529
2018-06-19-15:05,535
2018-06-19-15:10,547
2018-06-19-15:15,545
2018-06-19-15:20,537
2018-06-19-15:25,532
2018-06-19-15:30,518
2018-06-19-15:35,528
2018-06-19-15:40,534
2018-06-19-15:45,545
2018-06-19-15:50,547
2018-06-19-15:55,556
2018-06-19-16:00,568
2018-06-19-16:05,569
2018-06-19-16:10,563
2018-06-19-16:15,560
2018-06-19-16:20,535
2018-06-19-16:25,529
2018-06-19-16:30,538
2018-06-19-16:35,531
2018-06-19-16:40,527
2018-06-19-16:45,517
2018-06-19-16:50,527
2018-06-19-16:55,115
2018-06-19-17:00,50
2018-06-19-17:05,212
2018-06-19-17:10,477
2018-06-19-17:15,617
2018-06-19-17:20,642
2018-06-19-17:25,662
2018-06-19-17:30,670
2018-06-19-17:35,700
2018-06-19-17:40,728
2018-06-19-17:45,761
2018-06-19-17:50,780
2018-06-19-17:55,830
2018-06-19-18:00,825
2018-06-19-18:05,847
2018-06-19-18:10,879
2018-06-19-18:15,747
2018-06-19-18:20,842
2018-06-19-18:25,1015
2018-06-19-18:30,1046
2018-06-19-18:35,1108
2018-06-19-18:40,1146
2018-06-19-18:45,1199
2018-06-19-18:50,1254
2018-06-19-18:55,1319
2018-06-19-19:00,1427
2018-06-19-19:05,1439
2018-06-19-19:10,1532
2018-06-19-19:15,1686
2018-06-19-19:20,1898
2018-06-19-19:25,2193
2018-06-19-19:30,2574
2018-06-19-19:35,3021
2018-06-19-19:40,3665
2018-06-19-19:45,4458
2018-06-19-19:50,5584
2018-06-19-19:55,7188
2018-06-19-20:00,8133
2018-06-19-20:05,8632
2018-06-19-20:10,8781
2018-06-19-20:15,9518
2018-06-19-20:20,10428
2018-06-19-20:25,10783
2018-06-19-20:30,11031
2018-06-19-20:35,11627
2018-06-19-20:40,12165
2018-06-19-20:45,11951
2018-06-19-20:50,10325
2018-06-19-20:55,10524
2018-06-19-21:00,11312
2018-06-19-21:05,12601
2018-06-19-21:10,13591
2018-06-19-21:15,14238
2018-06-19-21:20,14635
2018-06-19-21:25,14985
2018-06-19-21:30,15277
2018-06-19-21:35,15593
2018-06-19-21:40,15862
2018-06-19-21:45,16165
2018-06-19-21:50,16049
2018-06-19-21:55,9770
2018-06-19-22:00,7922
2018-06-19-22:05,6681
2018-06-19-22:10,6321
2018-06-19-22:15,6008
2018-06-19-22:20,5811
2018-06-19-22:25,5851
2018-06-19-22:30,5796
2018-06-19-22:35,5909
2018-06-19-22:40,6064
2018-06-19-22:45,6271
2018-06-19-22:50,6666
2018-06-19-22:55,7544
2018-06-19-23:00,8960
2018-06-19-23:05,10072
2018-06-19-23:10,10687
2018-06-19-23:15,11123
2018-06-19-23:20,11394
2018-06-19-23:25,11619
2018-06-19-23:30,11744
2018-06-19-23:35,11747
2018-06-19-23:40,11866
2018-06-19-23:45,11922
2018-06-19-23:50,10081
2018-06-19-23:55,9268
2018-06-20-00:00,9331
2018-06-20-00:05,9821
2018-06-20-00:10,10340
2018-06-20-00:15,10498
2018-06-20-00:20,10735
2018-06-20-00:25,10610
2018-06-20-00:30,10454
2018-06-20-00:35,10310
2018-06-20-00:40,10133
2018-06-20-00:45,10048
2018-06-20-00:50,10244
2018-06-20-00:55,7718
2018-06-20-01:00,5310
2018-06-20-01:05,4548
2018-06-20-01:10,4278
2018-06-20-01:15,4088
2018-06-20-01:20,3813
2018-06-20-01:25,3684
2018-06-20-01:30,3630
2018-06-20-01:35,3614
2018-06-20-01:40,3636
2018-06-20-01:45,3666
2018-06-20-01:50,3820
2018-06-20-01:55,4146
2018-06-20-02:00,4686
2018-06-20-02:05,5002
2018-06-20-02:10,5194
2018-06-20-02:15,5329
2018-06-20-02:20,5349
2018-06-20-02:25,5362
2018-06-20-02:30,5348
2018-06-20-02:35,5312
2018-06-20-02:40,5317
2018-06-20-02:45,4746
2018-06-20-02:50,4228
2018-06-20-02:55,4215
2018-06-20-03:00,4415
2018-06-20-03:05,4569
2018-06-20-03:10,4638
2018-06-20-03:15,4625
2018-06-20-03:20,4435
2018-06-20-03:25,4294
2018-06-20-03:30,4303
2018-06-20-03:35,4285
2018-06-20-03:40,4227
2018-06-20-03:45,4129
2018-06-20-03:50,3433
2018-06-20-03:55,2396
2018-06-20-04:00,2062
2018-06-20-04:05,1886
2018-06-20-04:10,1796
2018-06-20-04:15,1722
2018-06-20-04:20,1654
2018-06-20-04:25,1598
2018-06-20-04:30,1557
2018-06-20-04:35,1527
2018-06-20-04:40,1468
2018-06-20-04:45,1433
2018-06-20-04:50,1397
2018-06-20-04:55,1374
2018-06-20-05:00,1354
2018-06-20-05:05,1314
2018-06-20-05:10,1288
2018-06-20-05:15,1270
2018-06-20-05:20,1235
2018-06-20-05:25,1218
2018-06-20-05:30,1202
2018-06-20-05:35,1172
2018-06-20-05:40,1153
2018-06-20-05:45,1118
2018-06-20-05:50,1102
2018-06-20-05:55,1081
2018-06-20-06:00,1066
2018-06-20-06:05,1047
2018-06-20-06:10,1020
2018-06-20-06:15,1002
2018-06-20-06:20,980
2018-06-20-06:25,974
2018-06-20-06:30,959
2018-06-20-06:35,950
2018-06-20-06:40,937
2018-06-20-06:45,926
2018-06-20-06:50,909
2018-06-20-06:55,913
2018-06-20-07:00,894
2018-06-20-07:05,868
2018-06-20-07:10,860
2018-06-20-07:15,848
2018-06-20-07:20,803
2018-06-20-07:25,777
2018-06-20-07:30,759
2018-06-20-07:35,733
2018-06-20-07:40,727
2018-06-20-07:45,716
2018-06-20-07:50,702
2018-06-20-07:55,687
2018-06-20-08:00,663
2018-06-20-08:05,654
2018-06-20-08:10,654
2018-06-20-08:15,653
2018-06-20-08:20,646
2018-06-20-08:25,647
2018-06-20-08:30,639
2018-06-20-08:35,642
2018-06-20-08:40,621
2018-06-20-08:45,607
2018-06-20-08:50,605
2018-06-20-08:55,594
2018-06-20-09:00,598
2018-06-20-09:05,601
2018-06-20-09:10,582
2018-06-20-09:15,583
2018-06-20-09:20,587
2018-06-20-09:25,598
2018-06-20-09:30,595
2018-06-20-09:35,614
2018-06-20-09:40,610
2018-06-20-09:45,607
2018-06-20-09:50,601
2018-06-20-09:55,601
2018-06-20-10:00,601
2018-06-20-10:05,612
2018-06-20-10:10,615
2018-06-20-10:15,617
2018-06-20-10:20,618
2018-06-20-10:25,624
2018-06-20-10:30,599
2018-06-20-10:35,603
2018-06-20-10:40,610
2018-06-20-10:45,606
2018-06-20-10:50,614
2018-06-20-10:55,620
2018-06-20-11:00,602
2018-06-20-11:05,579
2018-06-20-11:10,569
2018-06-20-11:15,562
2018-06-20-11:20,560
2018-06-20-11:25,553
2018-06-20-11:30,528
2018-06-20-11:35,500
2018-06-20-11:40,487
2018-06-20-11:45,481
2018-06-20-11:50,482
2018-06-20-11:55,487
2018-06-20-12:00,503
2018-06-20-12:05,536
2018-06-20-12:10,549
2018-06-20-12:15,581
2018-06-20-12:20,558
2018-06-20-12:25,539
2018-06-20-12:30,524
2018-06-20-12:35,505
2018-06-20-12:40,514
2018-06-20-12:45,519
2018-06-20-12:50,522
2018-06-20-12:55,507
2018-06-20-13:00,482
2018-06-20-13:05,475
2018-06-20-13:10,467
2018-06-20-13:15,468
2018-06-20-13:20,476
2018-06-20-13:25,487
2018-06-20-13:30,488
2018-06-20-13:35,493
2018-06-20-13:40,501
2018-06-20-13:45,494
2018-06-20-13:50,483
2018-06-20-13:55,479
2018-06-20-14:00,474
2018-06-20-14:05,452
2018-06-20-14:10,443
2018-06-20-14:15,431
2018-06-20-14:20,429
2018-06-20-14:25,437
2018-06-20-14:30,439
2018-06-20-14:35,445
2018-06-20-14:40,447
2018-06-20-14:45,462
2018-06-20-14:50,462
2018-06-20-14:55,457
2018-06-20-15:00,464
2018-06-20-15:05,479
2018-06-20-15:10,480
2018-06-20-15:15,483
2018-06-20-15:20,479
2018-06-20-15:25,486
2018-06-20-15:30,475
2018-06-20-15:35,469
2018-06-20-15:40,480
2018-06-20-15:45,485
2018-06-20-15:50,494
2018-06-20-15:55,501
2018-06-20-16:00,507
2018-06-20-16:05,520
2018-06-20-16:10,529
2018-06-20-16:15,534
2018-06-20-16:20,545
2018-06-20-16:25,553
2018-06-20-16:30,559
2018-06-20-16:35,554
2018-06-20-16:40,519
2018-06-20-16:45,514
2018-06-20-16:50,500
2018-06-20-16:55,512
2018-06-20-17:00,525
2018-06-20-17:05,536
2018-06-20-17:10,550
2018-06-20-17:15,571
2018-06-20-17:20,577
2018-06-20-17:25,574
2018-06-20-17:30,578
2018-06-20-17:35,606
2018-06-20-17:40,633
2018-06-20-17:45,640
2018-06-20-17:50,667
2018-06-20-17:55,696
2018-06-20-18:00,720
2018-06-20-18:05,753
2018-06-20-18:10,772
2018-06-20-18:15,807
2018-06-20-18:20,849
2018-06-20-18:25,895
2018-06-20-18:30,926
2018-06-20-18:35,969
2018-06-20-18:40,1023
2018-06-20-18:45,1065
2018-06-20-18:50,1116
2018-06-20-18:55,1189
2018-06-20-19:00,1275
2018-06-20-19:05,1377
2018-06-20-19:10,1502
2018-06-20-19:15,1664
2018-06-20-19:20,1898
2018-06-20-19:25,2233
2018-06-20-19:30,2691
2018-06-20-19:35,3195
2018-06-20-19:40,3937
2018-06-20-19:45,4801
2018-06-20-19:50,6074
2018-06-20-19:55,8174
2018-06-20-20:00,10967
2018-06-20-20:05,13157
2018-06-20-20:10,14517
2018-06-20-20:15,15526
2018-06-20-20:20,15984
2018-06-20-20:25,16754
2018-06-20-20:30,17377
2018-06-20-20:35,17674
2018-06-20-20:40,18024
2018-06-20-20:45,18229
2018-06-20-20:50,15184
2018-06-20-20:55,15324
2018-06-20-21:00,16267
2018-06-20-21:05,17771
2018-06-20-21:10,18886
2018-06-20-21:15,19625
2018-06-20-21:20,20168
2018-06-20-21:25,20498
2018-06-20-21:30,20739
2018-06-20-21:35,20998
2018-06-20-21:40,21330
2018-06-20-21:45,21690
2018-06-20-21:50,21994
2018-06-20-21:55,14639
2018-06-20-22:00,10993
2018-06-20-22:05,9414
2018-06-20-22:10,8873
2018-06-20-22:15,8390
2018-06-20-22:20,8160
2018-06-20-22:25,7970
2018-06-20-22:30,7925
2018-06-20-22:35,5180
2018-06-20-22:40,5946
2018-06-20-22:45,5946
2018-06-20-22:50,0
2018-06-20-22:55,0
2018-06-20-23:00,0
2018-06-20-23:05,0
2018-06-20-23:10,1053
2018-06-20-23:15,11016
2018-06-20-23:20,13438
2018-06-20-23:25,14244
2018-06-20-23:30,14426
2018-06-20-23:35,14454
2018-06-20-23:40,14538
2018-06-20-23:45,14036
2018-06-20-23:50,11931
2018-06-20-23:55,11762
2018-06-21-00:00,12088
2018-06-21-00:05,12725
2018-06-21-00:10,13075
2018-06-21-00:15,13188
2018-06-21-00:20,13247
2018-06-21-00:25,13227
2018-06-21-00:30,13003
2018-06-21-00:35,12858
2018-06-21-00:40,12844
2018-06-21-00:45,12736
2018-06-21-00:50,11724
2018-06-21-00:55,7769
2018-06-21-01:00,6653
2018-06-21-01:05,6152
2018-06-21-01:10,5868
2018-06-21-01:15,5665
2018-06-21-01:20,5439
2018-06-21-01:25,5247
2018-06-21-01:30,5200
2018-06-21-01:35,5187
2018-06-21-01:40,5302
2018-06-21-01:45,5452
2018-06-21-01:50,5684
2018-06-21-01:55,6240
2018-06-21-02:00,7157
2018-06-21-02:05,7706
2018-06-21-02:10,7987
2018-06-21-02:15,8107
2018-06-21-02:20,8225
2018-06-21-02:25,8312
2018-06-21-02:30,8361
2018-06-21-02:35,8372
2018-06-21-02:40,8410
2018-06-21-02:45,8361
2018-06-21-02:50,6824
2018-06-21-02:55,6725
2018-06-21-03:00,6941
2018-06-21-03:05,7320
2018-06-21-03:10,7576
2018-06-21-03:15,7703
2018-06-21-03:20,7758
2018-06-21-03:25,7783
2018-06-21-03:30,7783
2018-06-21-03:35,7736
2018-06-21-03:40,7697
2018-06-21-03:45,7676
2018-06-21-03:50,7625
2018-06-21-03:55,4483
2018-06-21-04:00,3237
2018-06-21-04:05,2832
2018-06-21-04:10,2617
2018-06-21-04:15,2440
2018-06-21-04:20,2301
2018-06-21-04:25,2212
2018-06-21-04:30,2132
2018-06-21-04:35,2045
2018-06-21-04:40,1963
2018-06-21-04:45,1924
2018-06-21-04:50,1866
2018-06-21-04:55,1839
2018-06-21-05:00,1790
2018-06-21-05:05,1728
2018-06-21-05:10,1682
2018-06-21-05:15,1642
2018-06-21-05:20,1604
2018-06-21-05:25,1587
2018-06-21-05:30,1558
2018-06-21-05:35,1525
2018-06-21-05:40,1489
2018-06-21-05:45,1473
2018-06-21-05:50,1458
2018-06-21-05:55,1447
2018-06-21-06:00,1430
2018-06-21-06:05,1413
2018-06-21-06:10,1363
2018-06-21-06:15,1339
2018-06-21-06:20,1330
2018-06-21-06:25,1314
2018-06-21-06:30,1296
2018-06-21-06:35,1286
2018-06-21-06:40,1276
2018-06-21-06:45,1240
2018-06-21-06:50,1219
2018-06-21-06:55,1209
2018-06-21-07:00,1188
2018-06-21-07:05,1145
2018-06-21-07:10,1120
2018-06-21-07:15,1102
2018-06-21-07:20,1063
2018-06-21-07:25,1051
2018-06-21-07:30,1028
2018-06-21-07:35,995
2018-06-21-07:40,972
2018-06-21-07:45,964
2018-06-21-07:50,943
2018-06-21-07:55,930
2018-06-21-08:00,908
2018-06-21-08:05,876
2018-06-21-08:10,864
2018-06-21-08:15,849
2018-06-21-08:20,841
2018-06-21-08:25,821
2018-06-21-08:30,816
2018-06-21-08:35,787
2018-06-21-08:40,766
2018-06-21-08:45,760
2018-06-21-08:50,757
2018-06-21-08:55,737
2018-06-21-09:00,738
2018-06-21-09:05,723
2018-06-21-09:10,718
2018-06-21-09:15,723
2018-06-21-09:20,743
2018-06-21-09:25,738
2018-06-21-09:30,738
2018-06-21-09:35,749
2018-06-21-09:40,766
2018-06-21-09:45,764
2018-06-21-09:50,765
2018-06-21-09:55,772
2018-06-21-10:00,774
2018-06-21-10:05,754
2018-06-21-10:10,769
2018-06-21-10:15,772
2018-06-21-10:20,777
2018-06-21-10:25,775
2018-06-21-10:30,755
2018-06-21-10:35,735
2018-06-21-10:40,733
2018-06-21-10:45,748
2018-06-21-10:50,771
2018-06-21-10:55,773
2018-06-21-11:00,778
2018-06-21-11:05,720
2018-06-21-11:10,52
2018-06-21-11:15,120
2018-06-21-11:20,296
2018-06-21-11:25,651
2018-06-21-11:30,766
2018-06-21-11:35,650
2018-06-21-11:40,595
2018-06-21-11:45,583
2018-06-21-11:50,571
2018-06-21-11:55,584
2018-06-21-12:00,595
2018-06-21-12:05,605
2018-06-21-12:10,623
2018-06-21-12:15,643
2018-06-21-12:20,624
2018-06-21-12:25,623
2018-06-21-12:30,614
2018-06-21-12:35,623
2018-06-21-12:40,626
2018-06-21-12:45,620
2018-06-21-12:50,607
2018-06-21-12:55,611
2018-06-21-13:00,605
2018-06-21-13:05,598
2018-06-21-13:10,585
2018-06-21-13:15,578
2018-06-21-13:20,220
2018-06-21-13:25,57
2018-06-21-13:30,175
2018-06-21-13:35,162
2018-06-21-13:40,336
2018-06-21-13:45,313
2018-06-21-13:50,521
2018-06-21-13:55,562
2018-06-21-14:00,555
2018-06-21-14:05,547
2018-06-21-14:10,544
2018-06-21-14:15,537
2018-06-21-14:20,552
2018-06-21-14:25,545
2018-06-21-14:30,364
2018-06-21-14:35,466
2018-06-21-14:40,553
2018-06-21-14:45,559
2018-06-21-14:50,562
2018-06-21-14:55,633
2018-06-21-15:00,563
2018-06-21-15:05,564
2018-06-21-15:10,550
2018-06-21-15:15,585
2018-06-21-15:20,554
2018-06-21-15:25,549
2018-06-21-15:30,533
2018-06-21-15:35,567
2018-06-21-15:40,530
2018-06-21-15:45,535
2018-06-21-15:50,552
2018-06-21-15:55,553
2018-06-21-16:00,557
2018-06-21-16:05,626
2018-06-21-16:10,559
2018-06-21-16:15,554
2018-06-21-16:20,630
2018-06-21-16:25,575
2018-06-21-16:30,620
2018-06-21-16:35,566
2018-06-21-16:40,563
2018-06-21-16:45,561
2018-06-21-16:50,563
2018-06-21-16:55,588
2018-06-21-17:00,590
2018-06-21-17:05,608
2018-06-21-17:10,620
2018-06-21-17:15,649
2018-06-21-17:20,691
2018-06-21-17:25,668
2018-06-21-17:30,681
2018-06-21-17:35,759
2018-06-21-17:40,771
2018-06-21-17:45,786
2018-06-21-17:50,885
2018-06-21-17:55,906
2018-06-21-18:00,813
2018-06-21-18:05,829
2018-06-21-18:10,848
2018-06-21-18:15,1041
2018-06-21-18:20,958
2018-06-21-18:25,986
2018-06-21-18:30,1004
2018-06-21-18:35,1027
2018-06-21-18:40,1058
2018-06-21-18:45,1101
2018-06-21-18:50,1144
2018-06-21-18:55,1336
2018-06-21-19:00,1297
2018-06-21-19:05,1344
2018-06-21-19:10,1423
2018-06-21-19:15,1770
2018-06-21-19:20,1725
2018-06-21-19:25,2088
2018-06-21-19:30,2378
2018-06-21-19:35,2775
2018-06-21-19:40,3347
2018-06-21-19:45,4054
2018-06-21-19:50,4882
2018-06-21-19:55,6486
2018-06-21-20:00,8812
2018-06-21-20:05,10539
2018-06-21-20:10,11610
2018-06-21-20:15,12524
2018-06-21-20:20,13114
2018-06-21-20:25,13545
2018-06-21-20:30,14070
2018-06-21-20:35,14641
2018-06-21-20:40,15036
2018-06-21-20:45,14761
2018-06-21-20:50,12735
2018-06-21-20:55,13171
2018-06-21-21:00,13801
2018-06-21-21:05,15165
2018-06-21-21:10,15874
2018-06-21-21:15,16698
2018-06-21-21:20,17010
2018-06-21-21:25,17267
2018-06-21-21:30,17732
2018-06-21-21:35,18053
2018-06-21-21:40,18414
2018-06-21-21:45,18716
2018-06-21-21:50,15868
2018-06-21-21:55,11375
2018-06-21-22:00,9902
2018-06-21-22:05,9173
2018-06-21-22:10,9083
2018-06-21-22:15,8667
2018-06-21-22:20,8529
2018-06-21-22:25,8495
2018-06-21-22:30,8667
2018-06-21-22:35,8951
2018-06-21-22:40,9054
2018-06-21-22:45,9540
2018-06-21-22:50,10363
2018-06-21-22:55,11782
2018-06-21-23:00,14153
2018-06-21-23:05,15951
2018-06-21-23:10,17121
2018-06-21-23:15,18016
2018-06-21-23:20,18515
2018-06-21-23:25,18853
2018-06-21-23:30,19128
2018-06-21-23:35,19488
2018-06-21-23:40,19633
2018-06-21-23:45,19025
2018-06-21-23:50,15900
2018-06-21-23:55,15895
2018-06-22-00:00,16306
2018-06-22-00:05,17360
2018-06-22-00:10,18040
2018-06-22-00:15,18236
2018-06-22-00:20,18343
2018-06-22-00:25,18305
2018-06-22-00:30,18342
2018-06-22-00:35,18358
2018-06-22-00:40,18263
2018-06-22-00:45,18397
2018-06-22-00:50,18115
2018-06-22-00:55,11651
2018-06-22-01:00,9312
2018-06-22-01:05,8217
2018-06-22-01:10,7690
2018-06-22-01:15,7470
2018-06-22-01:20,7130
2018-06-22-01:25,6890
2018-06-22-01:30,6897
2018-06-22-01:35,7007
2018-06-22-01:40,7126
2018-06-22-01:45,7355
2018-06-22-01:50,7827
2018-06-22-01:55,8765
2018-06-22-02:00,10046
2018-06-22-02:05,10933
2018-06-22-02:10,11774
2018-06-22-02:15,11665
2018-06-22-02:20,11828
2018-06-22-02:25,11866
2018-06-22-02:30,11926
2018-06-22-02:35,11957
2018-06-22-02:40,11925
2018-06-22-02:45,11427
2018-06-22-02:50,9741
2018-06-22-02:55,9598
2018-06-22-03:00,9944
2018-06-22-03:05,10621
2018-06-22-03:10,10914
2018-06-22-03:15,10839
2018-06-22-03:20,10875
2018-06-22-03:25,10932
2018-06-22-03:30,10916
2018-06-22-03:35,10926
2018-06-22-03:40,10325
2018-06-22-03:45,10075
2018-06-22-03:50,8919
2018-06-22-03:55,5678
2018-06-22-04:00,4652
2018-06-22-04:05,3671
2018-06-22-04:10,3264
2018-06-22-04:15,3082
2018-06-22-04:20,2817
2018-06-22-04:25,2661
2018-06-22-04:30,2578
2018-06-22-04:35,2505
2018-06-22-04:40,2398
2018-06-22-04:45,2269
2018-06-22-04:50,2254
2018-06-22-04:55,2233
2018-06-22-05:00,2138
2018-06-22-05:05,2073
2018-06-22-05:10,2049
2018-06-22-05:15,2036
2018-06-22-05:20,1996
2018-06-22-05:25,1945
2018-06-22-05:30,1947
2018-06-22-05:35,1919
2018-06-22-05:40,1823
2018-06-22-05:45,1791
2018-06-22-05:50,1804
2018-06-22-05:55,1792
2018-06-22-06:00,1738
2018-06-22-06:05,1720
2018-06-22-06:10,1657
2018-06-22-06:15,1632
2018-06-22-06:20,1621
2018-06-22-06:25,1647
2018-06-22-06:30,1627
2018-06-22-06:35,1632
2018-06-22-06:40,1544
2018-06-22-06:45,1511
2018-06-22-06:50,1489
2018-06-22-06:55,1543
2018-06-22-07:00,1466
2018-06-22-07:05,1416
2018-06-22-07:10,1384
2018-06-22-07:15,1319
2018-06-22-07:20,1329
2018-06-22-07:25,1290
2018-06-22-07:30,1247
2018-06-22-07:35,1259
2018-06-22-07:40,1159
2018-06-22-07:45,1208
2018-06-22-07:50,1264
2018-06-22-07:55,1179
2018-06-22-08:00,1116
2018-06-22-08:05,1084
2018-06-22-08:10,1056
2018-06-22-08:15,1009
2018-06-22-08:20,995
2018-06-22-08:25,993
2018-06-22-08:30,1094
2018-06-22-08:35,1019
2018-06-22-08:40,1049
2018-06-22-08:45,965
2018-06-22-08:50,962
2018-06-22-08:55,1055
2018-06-22-09:00,880
2018-06-22-09:05,942
2018-06-22-09:10,863
2018-06-22-09:15,1003
2018-06-22-09:20,927
2018-06-22-09:25,936
2018-06-22-09:30,937
2018-06-22-09:35,889
2018-06-22-09:40,987
2018-06-22-09:45,924
2018-06-22-09:50,1002
2018-06-22-09:55,1063
2018-06-22-10:00,920
2018-06-22-10:05,967
2018-06-22-10:10,1035
2018-06-22-10:15,958
2018-06-22-10:20,953
2018-06-22-10:25,1022
2018-06-22-10:30,922
2018-06-22-10:35,986
2018-06-22-10:40,913
2018-06-22-10:45,917
2018-06-22-10:50,943
2018-06-22-10:55,1068
2018-06-22-11:00,937
2018-06-22-11:05,944
2018-06-22-11:10,996
2018-06-22-11:15,939
2018-06-22-11:20,939
2018-06-22-11:25,0
2018-06-22-11:30,0
2018-06-22-11:35,0
2018-06-22-11:40,0
2018-06-22-11:45,0
2018-06-22-11:50,0
2018-06-22-11:55,0
2018-06-22-12:00,0
2018-06-22-12:05,0
2018-06-22-12:10,0
2018-06-22-12:15,0
2018-06-22-12:20,0
2018-06-22-12:25,0
2018-06-22-12:30,0
2018-06-22-12:35,0
2018-06-22-12:40,0
2018-06-22-12:45,0
2018-06-22-12:50,0
2018-06-22-12:55,0
2018-06-22-13:00,0
2018-06-22-13:05,0
2018-06-22-13:10,0
2018-06-22-13:15,0
2018-06-22-13:20,0
2018-06-22-13:25,0
2018-06-22-13:30,0
2018-06-22-13:35,0
2018-06-22-13:40,0
2018-06-22-13:45,0
2018-06-22-13:50,0
2018-06-22-13:55,0
2018-06-22-14:00,0
2018-06-22-14:05,0
2018-06-22-14:10,0
2018-06-22-14:15,0
2018-06-22-14:20,0
2018-06-22-14:25,0
2018-06-22-14:30,0
2018-06-22-14:35,0
2018-06-22-14:40,0
2018-06-22-14:45,0
2018-06-22-14:50,0
2018-06-22-14:55,0
2018-06-22-15:00,0
2018-06-22-15:05,0
2018-06-22-15:10,0
2018-06-22-15:15,0
2018-06-22-15:20,0
2018-06-22-15:25,0
2018-06-22-15:30,0
2018-06-22-15:35,0
2018-06-22-15:40,0
2018-06-22-15:45,0
2018-06-22-15:50,0
2018-06-22-15:55,0
2018-06-22-16:00,0
2018-06-22-16:05,0
2018-06-22-16:10,0
2018-06-22-16:15,0
2018-06-22-16:20,0
2018-06-22-16:25,0
2018-06-22-16:30,0
2018-06-22-16:35,0
2018-06-22-16:40,0
2018-06-22-16:45,0
2018-06-22-16:50,0
2018-06-22-16:55,0
2018-06-22-17:00,0
2018-06-22-17:05,0
2018-06-22-17:10,0
2018-06-22-17:15,0
2018-06-22-17:20,0
2018-06-22-17:25,0
2018-06-22-17:30,0
2018-06-22-17:35,0
2018-06-22-17:40,0
2018-06-22-17:45,0
2018-06-22-17:50,0
2018-06-22-17:55,0
2018-06-22-18:00,0
2018-06-22-18:05,0
2018-06-22-18:10,0
2018-06-22-18:15,0
2018-06-22-18:20,0
2018-06-22-18:25,0
2018-06-22-18:30,0
2018-06-22-18:35,0
2018-06-22-18:40,0
2018-06-22-18:45,0
2018-06-22-18:50,0
2018-06-22-18:55,0
2018-06-22-19:00,0
2018-06-22-19:05,0
2018-06-22-19:10,0
2018-06-22-19:15,0
2018-06-22-19:20,0
2018-06-22-19:25,0
2018-06-22-19:30,0
2018-06-22-19:35,0
2018-06-22-19:40,0
2018-06-22-19:45,0
2018-06-22-19:50,0
2018-06-22-19:55,0
2018-06-22-20:00,0
2018-06-22-20:05,0
2018-06-22-20:10,0
2018-06-22-20:15,0
2018-06-22-20:20,0
2018-06-22-20:25,0
2018-06-22-20:30,0
2018-06-22-20:35,0
2018-06-22-20:40,0
2018-06-22-20:45,0
2018-06-22-20:50,0
2018-06-22-20:55,0
2018-06-22-21:00,0
2018-06-22-21:05,0
2018-06-22-21:10,0
2018-06-22-21:15,0
2018-06-22-21:20,0
2018-06-22-21:25,0
2018-06-22-21:30,0
2018-06-22-21:35,0
2018-06-22-21:40,0
2018-06-22-21:45,0
2018-06-22-21:50,0
2018-06-22-21:55,0
2018-06-22-22:00,0
2018-06-22-22:05,0
2018-06-22-22:10,0
2018-06-22-22:15,0
2018-06-22-22:20,0
2018-06-22-22:25,0
2018-06-22-22:30,0
2018-06-22-22:35,0
2018-06-22-22:40,0
2018-06-22-22:45,0
2018-06-22-22:50,0
2018-06-22-22:55,0
2018-06-22-23:00,0
2018-06-22-23:05,0
2018-06-22-23:10,0
2018-06-22-23:15,0
2018-06-22-23:20,0
2018-06-22-23:25,0
2018-06-22-23:30,0
2018-06-22-23:35,0
2018-06-22-23:40,0
2018-06-22-23:45,0
2018-06-22-23:50,0
2018-06-22-23:55,0
2018-06-23-00:00,0
2018-06-23-00:05,0
2018-06-23-00:10,0
2018-06-23-00:15,0
2018-06-23-00:20,0
2018-06-23-00:25,0
2018-06-23-00:30,0
2018-06-23-00:35,0
2018-06-23-00:40,0
2018-06-23-00:45,0
2018-06-23-00:50,0
2018-06-23-00:55,0
2018-06-23-01:00,0
2018-06-23-01:05,0
2018-06-23-01:10,0
2018-06-23-01:15,0
2018-06-23-01:20,0
2018-06-23-01:25,0
2018-06-23-01:30,0
2018-06-23-01:35,0
2018-06-23-01:40,0
2018-06-23-01:45,0
2018-06-23-01:50,0
2018-06-23-01:55,0
2018-06-23-02:00,0
2018-06-23-02:05,0
2018-06-23-02:10,0
2018-06-23-02:15,0
2018-06-23-02:20,0
2018-06-23-02:25,0
2018-06-23-02:30,0
2018-06-23-02:35,0
2018-06-23-02:40,0
2018-06-23-02:45,0
2018-06-23-02:50,0
2018-06-23-02:55,0
2018-06-23-03:00,0
2018-06-23-03:05,0
2018-06-23-03:10,0
2018-06-23-03:15,0
2018-06-23-03:20,0
2018-06-23-03:25,0
2018-06-23-03:30,0
2018-06-23-03:35,0
2018-06-23-03:40,0
2018-06-23-03:45,0
2018-06-23-03:50,0
2018-06-23-03:55,0
2018-06-23-04:00,0
2018-06-23-04:05,0
2018-06-23-04:10,0
2018-06-23-04:15,0
2018-06-23-04:20,0
2018-06-23-04:25,0
2018-06-23-04:30,0
2018-06-23-04:35,0
2018-06-23-04:40,0
2018-06-23-04:45,0
2018-06-23-04:50,0
2018-06-23-04:55,0
2018-06-23-05:00,0
2018-06-23-05:05,0
2018-06-23-05:10,0
2018-06-23-05:15,0
2018-06-23-05:20,0
2018-06-23-05:25,0
2018-06-23-05:30,0
2018-06-23-05:35,0
2018-06-23-05:40,0
2018-06-23-05:45,0
2018-06-23-05:50,0
2018-06-23-05:55,0
2018-06-23-06:00,0
2018-06-23-06:05,0
2018-06-23-06:10,0
2018-06-23-06:15,0
2018-06-23-06:20,0
2018-06-23-06:25,0
2018-06-23-06:30,0
2018-06-23-06:35,0
2018-06-23-06:40,0
2018-06-23-06:45,0
2018-06-23-06:50,0
2018-06-23-06:55,0
2018-06-23-07:00,0
2018-06-23-07:05,0
2018-06-23-07:10,0
2018-06-23-07:15,0
2018-06-23-07:20,0
2018-06-23-07:25,0
2018-06-23-07:30,0
2018-06-23-07:35,0
2018-06-23-07:40,0
2018-06-23-07:45,0
2018-06-23-07:50,0
2018-06-23-07:55,0
2018-06-23-08:00,0
2018-06-23-08:05,0
2018-06-23-08:10,0
2018-06-23-08:15,0
2018-06-23-08:20,0
2018-06-23-08:25,0
2018-06-23-08:30,0
2018-06-23-08:35,0
2018-06-23-08:40,0
2018-06-23-08:45,0
2018-06-23-08:50,0
2018-06-23-08:55,0
2018-06-23-09:00,0
2018-06-23-09:05,0
2018-06-23-09:10,0
2018-06-23-09:15,0
2018-06-23-09:20,0
2018-06-23-09:25,0
2018-06-23-09:30,0
2018-06-23-09:35,0
2018-06-23-09:40,0
2018-06-23-09:45,0
2018-06-23-09:50,0
2018-06-23-09:55,0
2018-06-23-10:00,0
2018-06-23-10:05,0
2018-06-23-10:10,0
2018-06-23-10:15,0
2018-06-23-10:20,0
2018-06-23-10:25,0
2018-06-23-10:30,0
2018-06-23-10:35,0
2018-06-23-10:40,0
2018-06-23-10:45,0
2018-06-23-10:50,0
2018-06-23-10:55,0
2018-06-23-11:00,0
2018-06-23-11:05,0
2018-06-23-11:10,0
2018-06-23-11:15,0
2018-06-23-11:20,0
2018-06-23-11:25,0
2018-06-23-11:30,0
2018-06-23-11:35,0
2018-06-23-11:40,0
2018-06-23-11:45,0
2018-06-23-11:50,0
2018-06-23-11:55,0
2018-06-23-12:00,0
2018-06-23-12:05,0
2018-06-23-12:10,0
2018-06-23-12:15,0
2018-06-23-12:20,0
2018-06-23-12:25,0
2018-06-23-12:30,0
2018-06-23-12:35,0
2018-06-23-12:40,0
2018-06-23-12:45,0
2018-06-23-12:50,0
2018-06-23-12:55,0
2018-06-23-13:00,0
2018-06-23-13:05,0
2018-06-23-13:10,0
2018-06-23-13:15,0
2018-06-23-13:20,0
2018-06-23-13:25,0
2018-06-23-13:30,0
2018-06-23-13:35,0
2018-06-23-13:40,0
2018-06-23-13:45,0
2018-06-23-13:50,0
2018-06-23-13:55,0
2018-06-23-14:00,0
2018-06-23-14:05,0
2018-06-23-14:10,0
2018-06-23-14:15,0
2018-06-23-14:20,0
2018-06-23-14:25,0
2018-06-23-14:30,0
2018-06-23-14:35,0
2018-06-23-14:40,0
2018-06-23-14:45,0
2018-06-23-14:50,0
2018-06-23-14:55,0
2018-06-23-15:00,0
2018-06-23-15:05,0
2018-06-23-15:10,0
2018-06-23-15:15,0
2018-06-23-15:20,0
2018-06-23-15:25,0
2018-06-23-15:30,0
2018-06-23-15:35,0
2018-06-23-15:40,0
2018-06-23-15:45,0
2018-06-23-15:50,0
2018-06-23-15:55,0
2018-06-23-16:00,0
2018-06-23-16:05,0
2018-06-23-16:10,0
2018-06-23-16:15,0
2018-06-23-16:20,0
2018-06-23-16:25,0
2018-06-23-16:30,0
2018-06-23-16:35,0
2018-06-23-16:40,0
2018-06-23-16:45,0
2018-06-23-16:50,0
2018-06-23-16:55,0
2018-06-23-17:00,0
2018-06-23-17:05,0
2018-06-23-17:10,0
2018-06-23-17:15,0
2018-06-23-17:20,0
2018-06-23-17:25,0
2018-06-23-17:30,0
2018-06-23-17:35,0
2018-06-23-17:40,0
2018-06-23-17:45,0
2018-06-23-17:50,0
2018-06-23-17:55,0
2018-06-23-18:00,0
2018-06-23-18:05,0
2018-06-23-18:10,0
2018-06-23-18:15,0
2018-06-23-18:20,0
2018-06-23-18:25,0
2018-06-23-18:30,0
2018-06-23-18:35,0
2018-06-23-18:40,0
2018-06-23-18:45,0
2018-06-23-18:50,0
2018-06-23-18:55,0
2018-06-23-19:00,0
2018-06-23-19:05,0
2018-06-23-19:10,0
2018-06-23-19:15,0
2018-06-23-19:20,0
2018-06-23-19:25,0
2018-06-23-19:30,0
2018-06-23-19:35,0
2018-06-23-19:40,0
2018-06-23-19:45,0
2018-06-23-19:50,0
2018-06-23-19:55,0
2018-06-23-20:00,0
2018-06-23-20:05,0
2018-06-23-20:10,0
2018-06-23-20:15,0
2018-06-23-20:20,0
2018-06-23-20:25,0
2018-06-23-20:30,0
2018-06-23-20:35,0
2018-06-23-20:40,0
2018-06-23-20:45,0
2018-06-23-20:50,0
2018-06-23-20:55,0
2018-06-23-21:00,0
2018-06-23-21:05,0
2018-06-23-21:10,0
2018-06-23-21:15,0
2018-06-23-21:20,0
2018-06-23-21:25,0
2018-06-23-21:30,0
2018-06-23-21:35,0
2018-06-23-21:40,0
2018-06-23-21:45,0
2018-06-23-21:50,0
2018-06-23-21:55,0
2018-06-23-22:00,0
2018-06-23-22:05,0
2018-06-23-22:10,0
2018-06-23-22:15,0
2018-06-23-22:20,0
2018-06-23-22:25,0
2018-06-23-22:30,0
2018-06-23-22:35,0
2018-06-23-22:40,0
2018-06-23-22:45,0
2018-06-23-22:50,0
2018-06-23-22:55,0
2018-06-23-23:00,0
2018-06-23-23:05,0
2018-06-23-23:10,0
2018-06-23-23:15,0
2018-06-23-23:20,0
2018-06-23-23:25,0
2018-06-23-23:30,0
2018-06-23-23:35,0
2018-06-23-23:40,0
2018-06-23-23:45,0
2018-06-23-23:50,0
2018-06-23-23:55,0