Date,MOD
2018-06-13-00:00,3197
2018-06-13-00:05,3196
2018-06-13-00:10,3194
2018-06-13-00:15,3028
2018-06-13-00:20,3024
2018-06-13-00:25,3026
2018-06-13-00:30,2936
2018-06-13-00:35,2938
2018-06-13-00:40,2935
2018-06-13-00:45,2930
2018-06-13-00:50,2930
2018-06-13-00:55,2931
2018-06-13-01:00,2867
2018-06-13-01:05,2865
2018-06-13-01:10,2865
2018-06-13-01:15,2786
2018-06-13-01:20,2789
2018-06-13-01:25,2788
2018-06-13-01:30,2691
2018-06-13-01:35,2696
2018-06-13-01:40,2696
2018-06-13-01:45,2688
2018-06-13-01:50,2688
2018-06-13-01:55,2686
2018-06-13-02:00,2648
2018-06-13-02:05,2649
2018-06-13-02:10,2648
2018-06-13-02:15,2624
2018-06-13-02:20,2626
2018-06-13-02:25,2623
2018-06-13-02:30,2522
2018-06-13-02:35,2520
2018-06-13-02:40,2520
2018-06-13-02:45,2506
2018-06-13-02:50,2506
2018-06-13-02:55,2506
2018-06-13-03:00,2493
2018-06-13-03:05,2493
2018-06-13-03:10,2492
2018-06-13-03:15,2486
2018-06-13-03:20,2486
2018-06-13-03:25,2486
2018-06-13-03:30,2450
2018-06-13-03:35,2449
2018-06-13-03:40,2449
2018-06-13-03:45,2452
2018-06-13-03:50,2452
2018-06-13-03:55,2452
2018-06-13-04:00,2438
2018-06-13-04:05,2438
2018-06-13-04:10,2438
2018-06-13-04:15,2406
2018-06-13-04:20,2406
2018-06-13-04:25,2406
2018-06-13-04:30,2407
2018-06-13-04:35,2406
2018-06-13-04:40,2406
2018-06-13-04:45,2413
2018-06-13-04:50,2413
2018-06-13-04:55,2412
2018-06-13-05:00,2389
2018-06-13-05:05,2389
2018-06-13-05:10,2389
2018-06-13-05:15,2382
2018-06-13-05:20,2382
2018-06-13-05:25,2382
2018-06-13-05:30,2370
2018-06-13-05:35,2370
2018-06-13-05:40,2370
2018-06-13-05:45,2383
2018-06-13-05:50,2383
2018-06-13-05:55,2384
2018-06-13-06:00,2398
2018-06-13-06:05,2398
2018-06-13-06:10,2398
2018-06-13-06:15,2341
2018-06-13-06:20,2341
2018-06-13-06:25,2341
2018-06-13-06:30,2261
2018-06-13-06:35,2261
2018-06-13-06:40,2263
2018-06-13-06:45,2222
2018-06-13-06:50,2221
2018-06-13-06:55,2220
2018-06-13-07:00,2170
2018-06-13-07:05,2169
2018-06-13-07:10,2169
2018-06-13-07:15,2124
2018-06-13-07:20,2125
2018-06-13-07:25,2124
2018-06-13-07:30,2090
2018-06-13-07:35,2091
2018-06-13-07:40,2091
2018-06-13-07:45,2096
2018-06-13-07:50,2097
2018-06-13-07:55,2097
2018-06-13-08:00,1847
2018-06-13-08:05,1846
2018-06-13-08:10,1845
2018-06-13-08:15,1762
2018-06-13-08:20,1762
2018-06-13-08:25,1762
2018-06-13-08:30,1753
2018-06-13-08:35,1752
2018-06-13-08:40,1752
2018-06-13-08:45,1634
2018-06-13-08:50,1635
2018-06-13-08:55,1635
2018-06-13-09:00,1516
2018-06-13-09:05,1516
2018-06-13-09:10,1516
2018-06-13-09:15,1409
2018-06-13-09:20,1410
2018-06-13-09:25,1409
2018-06-13-09:30,1372
2018-06-13-09:35,1371
2018-06-13-09:40,1372
2018-06-13-09:45,1373
2018-06-13-09:50,1372
2018-06-13-09:55,1372
2018-06-13-10:00,1325
2018-06-13-10:05,1324
2018-06-13-10:10,1324
2018-06-13-10:15,1231
2018-06-13-10:20,1231
2018-06-13-10:25,1232
2018-06-13-10:30,1175
2018-06-13-10:35,1175
2018-06-13-10:40,1175
2018-06-13-10:45,1137
2018-06-13-10:50,1137
2018-06-13-10:55,1135
2018-06-13-11:00,1048
2018-06-13-11:05,1050
2018-06-13-11:10,1052
2018-06-13-11:15,779
2018-06-13-11:20,778
2018-06-13-11:25,781
2018-06-13-11:30,1102
2018-06-13-11:35,1104
2018-06-13-11:40,1105
2018-06-13-11:45,1056
2018-06-13-11:50,1057
2018-06-13-11:55,1055
2018-06-13-12:00,1030
2018-06-13-12:05,1027
2018-06-13-12:10,1028
2018-06-13-12:15,1071
2018-06-13-12:20,1068
2018-06-13-12:25,1067
2018-06-13-12:30,1082
2018-06-13-12:35,1085
2018-06-13-12:40,1092
2018-06-13-12:45,1159
2018-06-13-12:50,1157
2018-06-13-12:55,1157
2018-06-13-13:00,1212
2018-06-13-13:05,1210
2018-06-13-13:10,1209
2018-06-13-13:15,1259
2018-06-13-13:20,1260
2018-06-13-13:25,1258
2018-06-13-13:30,1265
2018-06-13-13:35,1261
2018-06-13-13:40,1258
2018-06-13-13:45,1084
2018-06-13-13:50,1082
2018-06-13-13:55,1081
2018-06-13-14:00,1026
2018-06-13-14:05,1027
2018-06-13-14:10,1028
2018-06-13-14:15,974
2018-06-13-14:20,977
2018-06-13-14:25,975
2018-06-13-14:30,990
2018-06-13-14:35,991
2018-06-13-14:40,991
2018-06-13-14:45,1037
2018-06-13-14:50,1036
2018-06-13-14:55,1038
2018-06-13-15:00,1099
2018-06-13-15:05,1099
2018-06-13-15:10,1098
2018-06-13-15:15,1070
2018-06-13-15:20,1070
2018-06-13-15:25,1068
2018-06-13-15:30,1089
2018-06-13-15:35,1089
2018-06-13-15:40,1088
2018-06-13-15:45,1249
2018-06-13-15:50,1250
2018-06-13-15:55,1252
2018-06-13-16:00,1371
2018-06-13-16:05,1371
2018-06-13-16:10,1370
2018-06-13-16:15,1378
2018-06-13-16:20,1376
2018-06-13-16:25,1377
2018-06-13-16:30,1424
2018-06-13-16:35,1424
2018-06-13-16:40,1426
2018-06-13-16:45,1577
2018-06-13-16:50,1580
2018-06-13-16:55,1580
2018-06-13-17:00,1678
2018-06-13-17:05,1676
2018-06-13-17:10,1670
2018-06-13-17:15,1427
2018-06-13-17:20,1426
2018-06-13-17:25,1426
2018-06-13-17:30,1463
2018-06-13-17:35,1463
2018-06-13-17:40,1465
2018-06-13-17:45,1513
2018-06-13-17:50,1515
2018-06-13-17:55,1512
2018-06-13-18:00,1497
2018-06-13-18:05,1497
2018-06-13-18:10,1499
2018-06-13-18:15,1602
2018-06-13-18:20,1603
2018-06-13-18:25,1603
2018-06-13-18:30,2618
2018-06-13-18:35,2618
2018-06-13-18:40,2619
2018-06-13-18:45,3305
2018-06-13-18:50,3307
2018-06-13-18:55,3309
2018-06-13-19:00,3681
2018-06-13-19:05,3684
2018-06-13-19:10,3688
2018-06-13-19:15,4064
2018-06-13-19:20,4062
2018-06-13-19:25,4068
2018-06-13-19:30,4715
2018-06-13-19:35,4717
2018-06-13-19:40,4718
2018-06-13-19:45,4812
2018-06-13-19:50,4806
2018-06-13-19:55,4798
2018-06-13-20:00,5347
2018-06-13-20:05,5348
2018-06-13-20:10,5354
2018-06-13-20:15,5182
2018-06-13-20:20,5181
2018-06-13-20:25,5184
2018-06-13-20:30,5442
2018-06-13-20:35,5443
2018-06-13-20:40,5447
2018-06-13-20:45,5766
2018-06-13-20:50,5766
2018-06-13-20:55,5769
2018-06-13-21:00,6073
2018-06-13-21:05,6074
2018-06-13-21:10,6071
2018-06-13-21:15,6109
2018-06-13-21:20,6108
2018-06-13-21:25,6111
2018-06-13-21:30,6540
2018-06-13-21:35,6538
2018-06-13-21:40,6542
2018-06-13-21:45,6611
2018-06-13-21:50,6607
2018-06-13-21:55,6607
2018-06-13-22:00,5806
2018-06-13-22:05,5812
2018-06-13-22:10,5820
2018-06-13-22:15,4529
2018-06-13-22:20,4526
2018-06-13-22:25,4529
2018-06-13-22:30,4459
2018-06-13-22:35,4466
2018-06-13-22:40,4472
2018-06-13-22:45,4140
2018-06-13-22:50,4138
2018-06-13-22:55,4136
2018-06-13-23:00,4188
2018-06-13-23:05,4193
2018-06-13-23:10,4196
2018-06-13-23:15,4244
2018-06-13-23:20,4248
2018-06-13-23:25,4246
2018-06-13-23:30,3853
2018-06-13-23:35,3834
2018-06-13-23:40,3808
2018-06-13-23:45,3143
2018-06-13-23:50,3140
2018-06-13-23:55,3126
2018-06-14-00:00,2846
2018-06-14-00:05,2848
2018-06-14-00:10,2851
2018-06-14-00:15,2652
2018-06-14-00:20,2648
2018-06-14-00:25,2645
2018-06-14-00:30,2598
2018-06-14-00:35,2598
2018-06-14-00:40,2604
2018-06-14-00:45,2592
2018-06-14-00:50,2590
2018-06-14-00:55,2592
2018-06-14-01:00,2584
2018-06-14-01:05,2588
2018-06-14-01:10,2590
2018-06-14-01:15,2515
2018-06-14-01:20,2514
2018-06-14-01:25,2514
2018-06-14-01:30,2443
2018-06-14-01:35,2443
2018-06-14-01:40,2442
2018-06-14-01:45,2458
2018-06-14-01:50,2458
2018-06-14-01:55,2460
2018-06-14-02:00,2433
2018-06-14-02:05,2435
2018-06-14-02:10,2434
2018-06-14-02:15,2419
2018-06-14-02:20,2419
2018-06-14-02:25,2413
2018-06-14-02:30,2397
2018-06-14-02:35,2400
2018-06-14-02:40,2402
2018-06-14-02:45,2419
2018-06-14-02:50,2420
2018-06-14-02:55,2422
2018-06-14-03:00,2400
2018-06-14-03:05,2398
2018-06-14-03:10,2392
2018-06-14-03:15,2306
2018-06-14-03:20,2303
2018-06-14-03:25,2301
2018-06-14-03:30,2260
2018-06-14-03:35,2259
2018-06-14-03:40,2259
2018-06-14-03:45,2258
2018-06-14-03:50,2258
2018-06-14-03:55,2257
2018-06-14-04:00,2255
2018-06-14-04:05,2255
2018-06-14-04:10,2254
2018-06-14-04:15,2246
2018-06-14-04:20,2245
2018-06-14-04:25,2245
2018-06-14-04:30,2237
2018-06-14-04:35,2235
2018-06-14-04:40,2235
2018-06-14-04:45,2234
2018-06-14-04:50,2235
2018-06-14-04:55,2234
2018-06-14-05:00,2217
2018-06-14-05:05,2216
2018-06-14-05:10,2216
2018-06-14-05:15,2205
2018-06-14-05:20,2204
2018-06-14-05:25,2204
2018-06-14-05:30,2183
2018-06-14-05:35,2182
2018-06-14-05:40,2182
2018-06-14-05:45,2166
2018-06-14-05:50,2166
2018-06-14-05:55,2167
2018-06-14-06:00,2154
2018-06-14-06:05,2153
2018-06-14-06:10,2154
2018-06-14-06:15,2100
2018-06-14-06:20,2099
2018-06-14-06:25,2100
2018-06-14-06:30,1981
2018-06-14-06:35,1980
2018-06-14-06:40,1981
2018-06-14-06:45,1928
2018-06-14-06:50,1928
2018-06-14-06:55,1930
2018-06-14-07:00,1854
2018-06-14-07:05,1854
2018-06-14-07:10,1855
2018-06-14-07:15,1795
2018-06-14-07:20,1793
2018-06-14-07:25,1793
2018-06-14-07:30,1714
2018-06-14-07:35,1714
2018-06-14-07:40,1714
2018-06-14-07:45,1703
2018-06-14-07:50,1703
2018-06-14-07:55,1703
2018-06-14-08:00,1683
2018-06-14-08:05,1683
2018-06-14-08:10,1681
2018-06-14-08:15,1688
2018-06-14-08:20,1690
2018-06-14-08:25,1689
2018-06-14-08:30,1622
2018-06-14-08:35,1621
2018-06-14-08:40,1623
2018-06-14-08:45,1620
2018-06-14-08:50,1620
2018-06-14-08:55,1619
2018-06-14-09:00,1607
2018-06-14-09:05,1609
2018-06-14-09:10,1610
2018-06-14-09:15,1563
2018-06-14-09:20,1565
2018-06-14-09:25,1568
2018-06-14-09:30,1539
2018-06-14-09:35,1542
2018-06-14-09:40,1538
2018-06-14-09:45,1557
2018-06-14-09:50,1558
2018-06-14-09:55,1558
2018-06-14-10:00,1531
2018-06-14-10:05,1533
2018-06-14-10:10,1531
2018-06-14-10:15,1483
2018-06-14-10:20,1483
2018-06-14-10:25,1486
2018-06-14-10:30,1467
2018-06-14-10:35,1467
2018-06-14-10:40,1467
2018-06-14-10:45,1499
2018-06-14-10:50,1500
2018-06-14-10:55,1501
2018-06-14-11:00,1438
2018-06-14-11:05,1439
2018-06-14-11:10,1441
2018-06-14-11:15,891
2018-06-14-11:20,888
2018-06-14-11:25,890
2018-06-14-11:30,1359
2018-06-14-11:35,1366
2018-06-14-11:40,1363
2018-06-14-11:45,1437
2018-06-14-11:50,1440
2018-06-14-11:55,1435
2018-06-14-12:00,1425
2018-06-14-12:05,1427
2018-06-14-12:10,1427
2018-06-14-12:15,1401
2018-06-14-12:20,1400
2018-06-14-12:25,1394
2018-06-14-12:30,1359
2018-06-14-12:35,1365
2018-06-14-12:40,1362
2018-06-14-12:45,1358
2018-06-14-12:50,1360
2018-06-14-12:55,1358
2018-06-14-13:00,1377
2018-06-14-13:05,1383
2018-06-14-13:10,1380
2018-06-14-13:15,1407
2018-06-14-13:20,1407
2018-06-14-13:25,1410
2018-06-14-13:30,1448
2018-06-14-13:35,1447
2018-06-14-13:40,1446
2018-06-14-13:45,1511
2018-06-14-13:50,1514
2018-06-14-13:55,1516
2018-06-14-14:00,1480
2018-06-14-14:05,1481
2018-06-14-14:10,1481
2018-06-14-14:15,1503
2018-06-14-14:20,1502
2018-06-14-14:25,1504
2018-06-14-14:30,1577
2018-06-14-14:35,1577
2018-06-14-14:40,1577
2018-06-14-14:45,1625
2018-06-14-14:50,1625
2018-06-14-14:55,1625
2018-06-14-15:00,1551
2018-06-14-15:05,1546
2018-06-14-15:10,1543
2018-06-14-15:15,1579
2018-06-14-15:20,1580
2018-06-14-15:25,1582
2018-06-14-15:30,1584
2018-06-14-15:35,1585
2018-06-14-15:40,1584
2018-06-14-15:45,1636
2018-06-14-15:50,1637
2018-06-14-15:55,1628
2018-06-14-16:00,1668
2018-06-14-16:05,1669
2018-06-14-16:10,1672
2018-06-14-16:15,1759
2018-06-14-16:20,1761
2018-06-14-16:25,1758
2018-06-14-16:30,1964
2018-06-14-16:35,1927
2018-06-14-16:40,1927
2018-06-14-16:45,2034
2018-06-14-16:50,2035
2018-06-14-16:55,2032
2018-06-14-17:00,2086
2018-06-14-17:05,2086
2018-06-14-17:10,2081
2018-06-14-17:15,2223
2018-06-14-17:20,2228
2018-06-14-17:25,2230
2018-06-14-17:30,2457
2018-06-14-17:35,2458
2018-06-14-17:40,2459
2018-06-14-17:45,2526
2018-06-14-17:50,2531
2018-06-14-17:55,2525
2018-06-14-18:00,2379
2018-06-14-18:05,2381
2018-06-14-18:10,2380
2018-06-14-18:15,2627
2018-06-14-18:20,2631
2018-06-14-18:25,2631
2018-06-14-18:30,3671
2018-06-14-18:35,3675
2018-06-14-18:40,3678
2018-06-14-18:45,4628
2018-06-14-18:50,4632
2018-06-14-18:55,4624
2018-06-14-19:00,5075
2018-06-14-19:05,5084
2018-06-14-19:10,5088
2018-06-14-19:15,5347
2018-06-14-19:20,5354
2018-06-14-19:25,5359
2018-06-14-19:30,5892
2018-06-14-19:35,5901
2018-06-14-19:40,5906
2018-06-14-19:45,6639
2018-06-14-19:50,6639
2018-06-14-19:55,6636
2018-06-14-20:00,7274
2018-06-14-20:05,7269
2018-06-14-20:10,7278
2018-06-14-20:15,7846
2018-06-14-20:20,7845
2018-06-14-20:25,7850
2018-06-14-20:30,8380
2018-06-14-20:35,8384
2018-06-14-20:40,8364
2018-06-14-20:45,7795
2018-06-14-20:50,7801
2018-06-14-20:55,7800
2018-06-14-21:00,8598
2018-06-14-21:05,8611
2018-06-14-21:10,8640
2018-06-14-21:15,9186
2018-06-14-21:20,9221
2018-06-14-21:25,9239
2018-06-14-21:30,9356
2018-06-14-21:35,9387
2018-06-14-21:40,9439
2018-06-14-21:45,8438
2018-06-14-21:50,8502
2018-06-14-21:55,8606
2018-06-14-22:00,11376
2018-06-14-22:05,11464
2018-06-14-22:10,11558
2018-06-14-22:15,13717
2018-06-14-22:20,13825
2018-06-14-22:25,13876
2018-06-14-22:30,21191
2018-06-14-22:35,21414
2018-06-14-22:40,21555
2018-06-14-22:45,25364
2018-06-14-22:50,25571
2018-06-14-22:55,25767
2018-06-14-23:00,32881
2018-06-14-23:05,32859
2018-06-14-23:10,32873
2018-06-14-23:15,35490
2018-06-14-23:20,35485
2018-06-14-23:25,35453
2018-06-14-23:30,36289
2018-06-14-23:35,36275
2018-06-14-23:40,36149
2018-06-14-23:45,32801
2018-06-14-23:50,32599
2018-06-14-23:55,32742
2018-06-15-00:00,30975
2018-06-15-00:05,31063
2018-06-15-00:10,31017
2018-06-15-00:15,31180
2018-06-15-00:20,31211
2018-06-15-00:25,31231
2018-06-15-00:30,30259
2018-06-15-00:35,30169
2018-06-15-00:40,30179
2018-06-15-00:45,28935
2018-06-15-00:50,29508
2018-06-15-00:55,29100
2018-06-15-01:00,19831
2018-06-15-01:05,19465
2018-06-15-01:10,19306
2018-06-15-01:15,16635
2018-06-15-01:20,16567
2018-06-15-01:25,16544
2018-06-15-01:30,15322
2018-06-15-01:35,15285
2018-06-15-01:40,15281
2018-06-15-01:45,14750
2018-06-15-01:50,14747
2018-06-15-01:55,14720
2018-06-15-02:00,14261
2018-06-15-02:05,14257
2018-06-15-02:10,14254
2018-06-15-02:15,13996
2018-06-15-02:20,13997
2018-06-15-02:25,13988
2018-06-15-02:30,13833
2018-06-15-02:35,13821
2018-06-15-02:40,13819
2018-06-15-02:45,13716
2018-06-15-02:50,13714
2018-06-15-02:55,13712
2018-06-15-03:00,13449
2018-06-15-03:05,13441
2018-06-15-03:10,13437
2018-06-15-03:15,13294
2018-06-15-03:20,13295
2018-06-15-03:25,13285
2018-06-15-03:30,13247
2018-06-15-03:35,13245
2018-06-15-03:40,13242
2018-06-15-03:45,13164
2018-06-15-03:50,13164
2018-06-15-03:55,13158
2018-06-15-04:00,13029
2018-06-15-04:05,13019
2018-06-15-04:10,13004
2018-06-15-04:15,12809
2018-06-15-04:20,12808
2018-06-15-04:25,12803
2018-06-15-04:30,12671
2018-06-15-04:35,12668
2018-06-15-04:40,12667
2018-06-15-04:45,12582
2018-06-15-04:50,12581
2018-06-15-04:55,12576
2018-06-15-05:00,12450
2018-06-15-05:05,12449
2018-06-15-05:10,12448
2018-06-15-05:15,12356
2018-06-15-05:20,12356
2018-06-15-05:25,12353
2018-06-15-05:30,12301
2018-06-15-05:35,12301
2018-06-15-05:40,12300
2018-06-15-05:45,12224
2018-06-15-05:50,12220
2018-06-15-05:55,12218
2018-06-15-06:00,12172
2018-06-15-06:05,12174
2018-06-15-06:10,12171
2018-06-15-06:15,12097
2018-06-15-06:20,12096
2018-06-15-06:25,12096
2018-06-15-06:30,12023
2018-06-15-06:35,12029
2018-06-15-06:40,12025
2018-06-15-06:45,11788
2018-06-15-06:50,11790
2018-06-15-06:55,11790
2018-06-15-07:00,11418
2018-06-15-07:05,11423
2018-06-15-07:10,11422
2018-06-15-07:15,11302
2018-06-15-07:20,11311
2018-06-15-07:25,11322
2018-06-15-07:30,11290
2018-06-15-07:35,11286
2018-06-15-07:40,11285
2018-06-15-07:45,11262
2018-06-15-07:50,11282
2018-06-15-07:55,11294
2018-06-15-08:00,10221
2018-06-15-08:05,10215
2018-06-15-08:10,10210
2018-06-15-08:15,9913
2018-06-15-08:20,9915
2018-06-15-08:25,9925
2018-06-15-08:30,9814
2018-06-15-08:35,9811
2018-06-15-08:40,9803
2018-06-15-08:45,9507
2018-06-15-08:50,9504
2018-06-15-08:55,9502
2018-06-15-09:00,9386
2018-06-15-09:05,9395
2018-06-15-09:10,9405
2018-06-15-09:15,9413
2018-06-15-09:20,9408
2018-06-15-09:25,9421
2018-06-15-09:30,9260
2018-06-15-09:35,9268
2018-06-15-09:40,9274
2018-06-15-09:45,9215
2018-06-15-09:50,9211
2018-06-15-09:55,9221
2018-06-15-10:00,9250
2018-06-15-10:05,9256
2018-06-15-10:10,9261
2018-06-15-10:15,9091
2018-06-15-10:20,9083
2018-06-15-10:25,9079
2018-06-15-10:30,8610
2018-06-15-10:35,8609
2018-06-15-10:40,8619
2018-06-15-10:45,7939
2018-06-15-10:50,7930
2018-06-15-10:55,7934
2018-06-15-11:00,7025
2018-06-15-11:05,7015
2018-06-15-11:10,7018
2018-06-15-11:15,6029
2018-06-15-11:20,6035
2018-06-15-11:25,6048
2018-06-15-11:30,6520
2018-06-15-11:35,6513
2018-06-15-11:40,6519
2018-06-15-11:45,6269
2018-06-15-11:50,6273
2018-06-15-11:55,6271
2018-06-15-12:00,4910
2018-06-15-12:05,4913
2018-06-15-12:10,4911
2018-06-15-12:15,4431
2018-06-15-12:20,4434
2018-06-15-12:25,4428
2018-06-15-12:30,3935
2018-06-15-12:35,3922
2018-06-15-12:40,3914
2018-06-15-12:45,3662
2018-06-15-12:50,3655
2018-06-15-12:55,3654
2018-06-15-13:00,3483
2018-06-15-13:05,3494
2018-06-15-13:10,3496
2018-06-15-13:15,3491
2018-06-15-13:20,3486
2018-06-15-13:25,3486
2018-06-15-13:30,1662
2018-06-15-13:35,1662
2018-06-15-13:40,1661
2018-06-15-13:45,3386
2018-06-15-13:50,3381
2018-06-15-13:55,3382
2018-06-15-14:00,3362
2018-06-15-14:05,3348
2018-06-15-14:10,3351
2018-06-15-14:15,3356
2018-06-15-14:20,3358
2018-06-15-14:25,3360
2018-06-15-14:30,1662
2018-06-15-14:35,1669
2018-06-15-14:40,1670
2018-06-15-14:45,884
2018-06-15-14:50,883
2018-06-15-14:55,880
2018-06-15-15:00,878
2018-06-15-15:05,878
2018-06-15-15:10,885
2018-06-15-15:15,881
2018-06-15-15:20,885
2018-06-15-15:25,876
2018-06-15-15:30,876
2018-06-15-15:35,880
2018-06-15-15:40,887
2018-06-15-15:45,883
2018-06-15-15:50,881
2018-06-15-15:55,883
2018-06-15-16:00,882
2018-06-15-16:05,885
2018-06-15-16:10,882
2018-06-15-16:15,885
2018-06-15-16:20,886
2018-06-15-16:25,882
2018-06-15-16:30,1047
2018-06-15-16:35,1055
2018-06-15-16:40,1053
2018-06-15-16:45,1051
2018-06-15-16:50,1053
2018-06-15-16:55,1062
2018-06-15-17:00,1064
2018-06-15-17:05,3089
2018-06-15-17:10,3090
2018-06-15-17:15,3094
2018-06-15-17:20,6209
2018-06-15-17:25,6208
2018-06-15-17:30,6208
2018-06-15-17:35,6210
2018-06-15-17:40,6218
2018-06-15-17:45,6226
2018-06-15-17:50,6920
2018-06-15-17:55,6925
2018-06-15-18:00,6935
2018-06-15-18:05,7536
2018-06-15-18:10,7538
2018-06-15-18:15,7544
2018-06-15-18:20,8238
2018-06-15-18:25,8240
2018-06-15-18:30,8203
2018-06-15-18:35,8118
2018-06-15-18:40,8123
2018-06-15-18:45,8126
2018-06-15-18:50,8720
2018-06-15-18:55,8729
2018-06-15-19:00,8745
2018-06-15-19:05,9719
2018-06-15-19:10,9751
2018-06-15-19:15,9773
2018-06-15-19:20,10159
2018-06-15-19:25,10232
2018-06-15-19:30,10320
2018-06-15-19:35,11998
2018-06-15-19:40,12125
2018-06-15-19:45,12235
2018-06-15-19:50,14906
2018-06-15-19:55,15299
2018-06-15-20:00,15955
2018-06-15-20:05,28173
2018-06-15-20:10,28485
2018-06-15-20:15,28786
2018-06-15-20:20,34221
2018-06-15-20:25,34449
2018-06-15-20:30,34643
2018-06-15-20:35,37814
2018-06-15-20:40,37931
2018-06-15-20:45,37748
2018-06-15-20:50,35707
2018-06-15-20:55,35842
2018-06-15-21:00,36084
2018-06-15-21:05,40566
2018-06-15-21:10,40857
2018-06-15-21:15,41053
2018-06-15-21:20,44760
2018-06-15-21:25,44818
2018-06-15-21:30,44912
2018-06-15-21:35,48484
2018-06-15-21:40,48579
2018-06-15-21:45,48777
2018-06-15-21:50,52391
2018-06-15-21:55,50683
2018-06-15-22:00,49164
2018-06-15-22:05,32616
2018-06-15-22:10,32485
2018-06-15-22:15,32381
2018-06-15-22:20,28135
2018-06-15-22:25,28041
2018-06-15-22:30,28159
2018-06-15-22:35,27064
2018-06-15-22:40,27170
2018-06-15-22:45,27232
2018-06-15-22:50,27191
2018-06-15-22:55,27513
2018-06-15-23:00,28157
2018-06-15-23:05,37447
2018-06-15-23:10,37790
2018-06-15-23:15,37981
2018-06-15-23:20,42015
2018-06-15-23:25,42137
2018-06-15-23:30,42239
2018-06-15-23:35,44140
2018-06-15-23:40,44201
2018-06-15-23:45,44202
2018-06-15-23:50,40861
2018-06-15-23:55,40794
2018-06-16-00:00,40932
2018-06-16-00:05,40999
2018-06-16-00:10,41270
2018-06-16-00:15,41395
2018-06-16-00:20,43698
2018-06-16-00:25,43779
2018-06-16-00:30,43848
2018-06-16-00:35,44381
2018-06-16-00:40,44445
2018-06-16-00:45,44544
2018-06-16-00:50,45487
2018-06-16-00:55,44919
2018-06-16-01:00,43363
2018-06-16-01:05,33039
2018-06-16-01:10,32919
2018-06-16-01:15,32920
2018-06-16-01:20,30672
2018-06-16-01:25,30627
2018-06-16-01:30,30688
2018-06-16-01:35,30273
2018-06-16-01:40,30415
2018-06-16-01:45,30557
2018-06-16-01:50,31515
2018-06-16-01:55,31995
2018-06-16-02:00,32809
2018-06-16-02:05,39998
2018-06-16-02:10,40284
2018-06-16-02:15,40398
2018-06-16-02:20,42224
2018-06-16-02:25,42339
2018-06-16-02:30,42366
2018-06-16-02:35,43054
2018-06-16-02:40,43068
2018-06-16-02:45,42517
2018-06-16-02:50,39629
2018-06-16-02:55,39853
2018-06-16-03:00,40265
2018-06-16-03:05,41833
2018-06-16-03:10,42042
2018-06-16-03:15,42150
2018-06-16-03:20,42971
2018-06-16-03:25,43006
2018-06-16-03:30,43028
2018-06-16-03:35,43135
2018-06-16-03:40,43164
2018-06-16-03:45,43210
2018-06-16-03:50,41908
2018-06-16-03:55,39440
2018-06-16-04:00,38637
2018-06-16-04:05,27804
2018-06-16-04:10,27663
2018-06-16-04:15,27579
2018-06-16-04:20,25578
2018-06-16-04:25,25518
2018-06-16-04:30,25490
2018-06-16-04:35,24918
2018-06-16-04:40,24897
2018-06-16-04:45,24874
2018-06-16-04:50,24464
2018-06-16-04:55,24383
2018-06-16-05:00,24352
2018-06-16-05:05,23754
2018-06-16-05:10,23734
2018-06-16-05:15,23721
2018-06-16-05:20,23426
2018-06-16-05:25,23414
2018-06-16-05:30,23401
2018-06-16-05:35,23329
2018-06-16-05:40,23326
2018-06-16-05:45,23326
2018-06-16-05:50,23311
2018-06-16-05:55,23306
2018-06-16-06:00,23298
2018-06-16-06:05,23392
2018-06-16-06:10,23388
2018-06-16-06:15,23355
2018-06-16-06:20,22530
2018-06-16-06:25,22525
2018-06-16-06:30,22515
2018-06-16-06:35,22047
2018-06-16-06:40,22052
2018-06-16-06:45,22046
2018-06-16-06:50,21872
2018-06-16-06:55,21866
2018-06-16-07:00,21868
2018-06-16-07:05,21706
2018-06-16-07:10,21710
2018-06-16-07:15,21703
2018-06-16-07:20,21396
2018-06-16-07:25,21389
2018-06-16-07:30,21380
2018-06-16-07:35,20778
2018-06-16-07:40,20780
2018-06-16-07:45,20774
2018-06-16-07:50,20458
2018-06-16-07:55,20456
2018-06-16-08:00,20448
2018-06-16-08:05,19676
2018-06-16-08:10,19680
2018-06-16-08:15,19684
2018-06-16-08:20,19350
2018-06-16-08:25,19366
2018-06-16-08:30,19361
2018-06-16-08:35,18992
2018-06-16-08:40,18972
2018-06-16-08:45,18981
2018-06-16-08:50,18008
2018-06-16-08:55,18013
2018-06-16-09:00,18020
2018-06-16-09:05,17205
2018-06-16-09:10,17220
2018-06-16-09:15,17225
2018-06-16-09:20,17104
2018-06-16-09:25,17119
2018-06-16-09:30,17176
2018-06-16-09:35,17248
2018-06-16-09:40,17324
2018-06-16-09:45,17380
2018-06-16-09:50,19404
2018-06-16-09:55,19419
2018-06-16-10:00,19453
2018-06-16-10:05,20556
2018-06-16-10:10,20580
2018-06-16-10:15,20583
2018-06-16-10:20,20850
2018-06-16-10:25,20861
2018-06-16-10:30,20736
2018-06-16-10:35,19331
2018-06-16-10:40,19342
2018-06-16-10:45,19394
2018-06-16-10:50,20530
2018-06-16-10:55,20545
2018-06-16-11:00,20537
2018-06-16-11:05,20971
2018-06-16-11:10,20975
2018-06-16-11:15,21003
2018-06-16-11:20,21497
2018-06-16-11:25,21519
2018-06-16-11:30,16317
2018-06-16-11:35,16138
2018-06-16-11:40,16011
2018-06-16-11:45,4335
2018-06-16-11:50,4308
2018-06-16-11:55,4288
2018-06-16-12:00,2125
2018-06-16-12:05,2095
2018-06-16-12:10,2085
2018-06-16-12:15,878
2018-06-16-12:20,874
2018-06-16-12:25,865
2018-06-16-12:30,3112
2018-06-16-12:35,3115
2018-06-16-12:40,3121
2018-06-16-12:45,3118
2018-06-16-12:50,3120
2018-06-16-12:55,3118
2018-06-16-13:00,3109
2018-06-16-13:05,3105
2018-06-16-13:10,3115
2018-06-16-13:15,3108
2018-06-16-13:20,3113
2018-06-16-13:25,3122
2018-06-16-13:30,3119
2018-06-16-13:35,3131
2018-06-16-13:40,3137
2018-06-16-13:45,3143
2018-06-16-13:50,3160
2018-06-16-13:55,3172
2018-06-16-14:00,3171
2018-06-16-14:05,3139
2018-06-16-14:10,3118
2018-06-16-14:15,3127
2018-06-16-14:20,3135
2018-06-16-14:25,3118
2018-06-16-14:30,3125
2018-06-16-14:35,3143
2018-06-16-14:40,3159
2018-06-16-14:45,3178
2018-06-16-14:50,3208
2018-06-16-14:55,3215
2018-06-16-15:00,3225
2018-06-16-15:05,3250
2018-06-16-15:10,3269
2018-06-16-15:15,3285
2018-06-16-15:20,3298
2018-06-16-15:25,3309
2018-06-16-15:30,3269
2018-06-16-15:35,3276
2018-06-16-15:40,3274
2018-06-16-15:45,3292
2018-06-16-15:50,3315
2018-06-16-15:55,3353
2018-06-16-16:00,3351
2018-06-16-16:05,3363
2018-06-16-16:10,3359
2018-06-16-16:15,3379
2018-06-16-16:20,3411
2018-06-16-16:25,3433
2018-06-16-16:30,3375
2018-06-16-16:35,3298
2018-06-16-16:40,3239
2018-06-16-16:45,3227
2018-06-16-16:50,3239
2018-06-16-16:55,3231
2018-06-16-17:00,3247
2018-06-16-17:05,3280
2018-06-16-17:10,3312
2018-06-16-17:15,3313
2018-06-16-17:20,3350
2018-06-16-17:25,3393
2018-06-16-17:30,3493
2018-06-16-17:35,3642
2018-06-16-17:40,3803
2018-06-16-17:45,3950
2018-06-16-17:50,4148
2018-06-16-17:55,4602
2018-06-16-18:00,5476
2018-06-16-18:05,6144
2018-06-16-18:10,6530
2018-06-16-18:15,6820
2018-06-16-18:20,6996
2018-06-16-18:25,7117
2018-06-16-18:30,7226
2018-06-16-18:35,7337
2018-06-16-18:40,7449
2018-06-16-18:45,6783
2018-06-16-18:50,6057
2018-06-16-18:55,6267
2018-06-16-19:00,6744
2018-06-16-19:05,7216
2018-06-16-19:10,7318
2018-06-16-19:15,6861
2018-06-16-19:20,6361
2018-06-16-19:25,3953
2018-06-16-19:30,3484
2018-06-16-19:35,2963
2018-06-16-19:40,2963
2018-06-16-19:45,2963
2018-06-16-19:50,2963
2018-06-16-19:55,2963
2018-06-16-20:00,2963
2018-06-16-20:05,2963
2018-06-16-20:10,13616
2018-06-16-20:15,13701
2018-06-16-20:20,13845
2018-06-16-20:25,27702
2018-06-16-20:30,28000
2018-06-16-20:35,28682
2018-06-16-20:40,31063
2018-06-16-20:45,31284
2018-06-16-20:50,31574
2018-06-16-20:55,32278
2018-06-16-21:00,50216
2018-06-16-21:05,49225
2018-06-16-21:10,47371
2018-06-16-21:15,53406
2018-06-16-21:20,53385
2018-06-16-21:25,53385
2018-06-16-21:30,57783
2018-06-16-21:35,57783
2018-06-16-21:40,57783
2018-06-16-21:45,55630
2018-06-16-21:50,55630
2018-06-16-21:55,55630
2018-06-16-22:00,59994
2018-06-16-22:05,59994
2018-06-16-22:10,59994
2018-06-16-22:15,66935
2018-06-16-22:20,66935
2018-06-16-22:25,66935
2018-06-16-22:30,70910
2018-06-16-22:35,70910
2018-06-16-22:40,70910
2018-06-16-22:45,74264
2018-06-16-22:50,74264
2018-06-16-22:55,74264
2018-06-16-23:00,44549
2018-06-16-23:05,44549
2018-06-16-23:10,44549
2018-06-16-23:15,35184
2018-06-16-23:20,35184
2018-06-16-23:25,35184
2018-06-16-23:30,32583
2018-06-16-23:35,32583
2018-06-16-23:40,32583
2018-06-16-23:45,32531
2018-06-16-23:50,32531
2018-06-16-23:55,32531
2018-06-17-00:00,39274
2018-06-17-00:05,39274
2018-06-17-00:10,39274
2018-06-17-00:15,42064
2018-06-17-00:20,42064
2018-06-17-00:25,42064
2018-06-17-00:30,42316
2018-06-17-00:35,42316
2018-06-17-00:40,42316
2018-06-17-00:45,40154
2018-06-17-00:50,40154
2018-06-17-00:55,40154
2018-06-17-01:00,39124
2018-06-17-01:05,39124
2018-06-17-01:10,39124
2018-06-17-01:15,40465
2018-06-17-01:20,40465
2018-06-17-01:25,40465
2018-06-17-01:30,40863
2018-06-17-01:35,40863
2018-06-17-01:40,40863
2018-06-17-01:45,40837
2018-06-17-01:50,40837
2018-06-17-01:55,40837
2018-06-17-02:00,31223
2018-06-17-02:05,31223
2018-06-17-02:10,31223
2018-06-17-02:15,29340
2018-06-17-02:20,29340
2018-06-17-02:25,29340
2018-06-17-02:30,28275
2018-06-17-02:35,28275
2018-06-17-02:40,28275
2018-06-17-02:45,27882
2018-06-17-02:50,27882
2018-06-17-02:55,27882
2018-06-17-03:00,29038
2018-06-17-03:05,29038
2018-06-17-03:10,29038
2018-06-17-03:15,29168
2018-06-17-03:20,29168
2018-06-17-03:25,29168
2018-06-17-03:30,29111
2018-06-17-03:35,29111
2018-06-17-03:40,29111
2018-06-17-03:45,28383
2018-06-17-03:50,28383
2018-06-17-03:55,28383
2018-06-17-04:00,28176
2018-06-17-04:05,28176
2018-06-17-04:10,28176
2018-06-17-04:15,28178
2018-06-17-04:20,28178
2018-06-17-04:25,28178
2018-06-17-04:30,28014
2018-06-17-04:35,28014
2018-06-17-04:40,28014
2018-06-17-04:45,27598
2018-06-17-04:50,27598
2018-06-17-04:55,27598
2018-06-17-05:00,25997
2018-06-17-05:05,25997
2018-06-17-05:10,25997
2018-06-17-05:15,25561
2018-06-17-05:20,25561
2018-06-17-05:25,25561
2018-06-17-05:30,25112
2018-06-17-05:35,25112
2018-06-17-05:40,25112
2018-06-17-05:45,24806
2018-06-17-05:50,24806
2018-06-17-05:55,24806
2018-06-17-06:00,24043
2018-06-17-06:05,24043
2018-06-17-06:10,24043
2018-06-17-06:15,23593
2018-06-17-06:20,23661
2018-06-17-06:25,23628
2018-06-17-06:30,23558
2018-06-17-06:35,23706
2018-06-17-06:40,23707
2018-06-17-06:45,23333
2018-06-17-06:50,23327
2018-06-17-06:55,23327
2018-06-17-07:00,22770
2018-06-17-07:05,22760
2018-06-17-07:10,22752
2018-06-17-07:15,22411
2018-06-17-07:20,22408
2018-06-17-07:25,22412
2018-06-17-07:30,22216
2018-06-17-07:35,22219
2018-06-17-07:40,22212
2018-06-17-07:45,22125
2018-06-17-07:50,22128
2018-06-17-07:55,22125
2018-06-17-08:00,21998
2018-06-17-08:05,21990
2018-06-17-08:10,21971
2018-06-17-08:15,20581
2018-06-17-08:20,20578
2018-06-17-08:25,20588
2018-06-17-08:30,20479
2018-06-17-08:35,20488
2018-06-17-08:40,20478
2018-06-17-08:45,19624
2018-06-17-08:50,19611
2018-06-17-08:55,19600
2018-06-17-09:00,18541
2018-06-17-09:05,18555
2018-06-17-09:10,18567
2018-06-17-09:15,18450
2018-06-17-09:20,18442
2018-06-17-09:25,18444
2018-06-17-09:30,16958
2018-06-17-09:35,16955
2018-06-17-09:40,16958
2018-06-17-09:45,17273
2018-06-17-09:50,17270
2018-06-17-09:55,17259
2018-06-17-10:00,17132
2018-06-17-10:05,17135
2018-06-17-10:10,17152
2018-06-17-10:15,16774
2018-06-17-10:20,16779
2018-06-17-10:25,16780
2018-06-17-10:30,15529
2018-06-17-10:35,15531
2018-06-17-10:40,15513
2018-06-17-10:45,15674
2018-06-17-10:50,15683
2018-06-17-10:55,15710
2018-06-17-11:00,15637
2018-06-17-11:05,15614
2018-06-17-11:10,15623
2018-06-17-11:15,15414
2018-06-17-11:20,15403
2018-06-17-11:25,15396
2018-06-17-11:30,14593
2018-06-17-11:35,14552
2018-06-17-11:40,14551
2018-06-17-11:45,13142
2018-06-17-11:50,13144
2018-06-17-11:55,13159
2018-06-17-12:00,12014
2018-06-17-12:05,12008
2018-06-17-12:10,12017
2018-06-17-12:15,12001
2018-06-17-12:20,11999
2018-06-17-12:25,12008
2018-06-17-12:30,12477
2018-06-17-12:35,12499
2018-06-17-12:40,12504
2018-06-17-12:45,13029
2018-06-17-12:50,13037
2018-06-17-12:55,13056
2018-06-17-13:00,12266
2018-06-17-13:05,12257
2018-06-17-13:10,12255
2018-06-17-13:15,12373
2018-06-17-13:20,12394
2018-06-17-13:25,12406
2018-06-17-13:30,13066
2018-06-17-13:35,13066
2018-06-17-13:40,13064
2018-06-17-13:45,13268
2018-06-17-13:50,13273
2018-06-17-13:55,13264
2018-06-17-14:00,13434
2018-06-17-14:05,13400
2018-06-17-14:10,13323
2018-06-17-14:15,11321
2018-06-17-14:20,11319
2018-06-17-14:25,11322
2018-06-17-14:30,10832
2018-06-17-14:35,10830
2018-06-17-14:40,10846
2018-06-17-14:45,10913
2018-06-17-14:50,10909
2018-06-17-14:55,10912
2018-06-17-15:00,11084
2018-06-17-15:05,11076
2018-06-17-15:10,11062
2018-06-17-15:15,10765
2018-06-17-15:20,10763
2018-06-17-15:25,10764
2018-06-17-15:30,10489
2018-06-17-15:35,10493
2018-06-17-15:40,10500
2018-06-17-15:45,10875
2018-06-17-15:50,10876
2018-06-17-15:55,10881
2018-06-17-16:00,11537
2018-06-17-16:05,11532
2018-06-17-16:10,11526
2018-06-17-16:15,11768
2018-06-17-16:20,11769
2018-06-17-16:25,11778
2018-06-17-16:30,12124
2018-06-17-16:35,12116
2018-06-17-16:40,12082
2018-06-17-16:45,11036
2018-06-17-16:50,11041
2018-06-17-16:55,11033
2018-06-17-17:00,11549
2018-06-17-17:05,11580
2018-06-17-17:10,11614
2018-06-17-17:15,12707
2018-06-17-17:20,12708
2018-06-17-17:25,12730
2018-06-17-17:30,13656
2018-06-17-17:35,13675
2018-06-17-17:40,13687
2018-06-17-17:45,14526
2018-06-17-17:50,14531
2018-06-17-17:55,14518
2018-06-17-18:00,13913
2018-06-17-18:05,13915
2018-06-17-18:10,13938
2018-06-17-18:15,15135
2018-06-17-18:20,15164
2018-06-17-18:25,15190
2018-06-17-18:30,12125
2018-06-17-18:35,12125
2018-06-17-18:40,12144
2018-06-17-18:45,16239
2018-06-17-18:50,16242
2018-06-17-18:55,16271
2018-06-17-19:00,16298
2018-06-17-19:05,14940
2018-06-17-19:10,14923
2018-06-17-19:15,15297
2018-06-17-19:20,15324
2018-06-17-19:25,15393
2018-06-17-19:30,17845
2018-06-17-19:35,17967
2018-06-17-19:40,18081
2018-06-17-19:45,22161
2018-06-17-19:50,22320
2018-06-17-19:55,22726
2018-06-17-20:00,33819
2018-06-17-20:05,34309
2018-06-17-20:10,34669
2018-06-17-20:15,38829
2018-06-17-20:20,39004
2018-06-17-20:25,39113
2018-06-17-20:30,41553
2018-06-17-20:35,41652
2018-06-17-20:40,41751
2018-06-17-20:45,22080
2018-06-17-20:50,21283
2018-06-17-20:55,21322
2018-06-17-21:00,14407
2018-06-17-21:05,14891
2018-06-17-21:10,15213
2018-06-17-21:15,43832
2018-06-17-21:20,43904
2018-06-17-21:25,43967
2018-06-17-21:30,50553
2018-06-17-21:35,50635
2018-06-17-21:40,50684
2018-06-17-21:45,26919
2018-06-17-21:50,27131
2018-06-17-21:55,25420
2018-06-17-22:00,10667
2018-06-17-22:05,10307
2018-06-17-22:10,10270
2018-06-17-22:15,26573
2018-06-17-22:20,26565
2018-06-17-22:25,26655
2018-06-17-22:30,28862
2018-06-17-22:35,29032
2018-06-17-22:40,29275
2018-06-17-22:45,34134
2018-06-17-22:50,34563
2018-06-17-22:55,35592
2018-06-17-23:00,53942
2018-06-17-23:05,55227
2018-06-17-23:10,56024
2018-06-17-23:15,56480
2018-06-17-23:20,63190
2018-06-17-23:25,63495
2018-06-17-23:30,37222
2018-06-17-23:35,37552
2018-06-17-23:40,37772
2018-06-17-23:45,36258
2018-06-17-23:50,31982
2018-06-17-23:55,28202
2018-06-18-00:00,28197
2018-06-18-00:05,28197
2018-06-18-00:10,28197
2018-06-18-00:15,28197
2018-06-18-00:20,28197
2018-06-18-00:25,28197
2018-06-18-00:30,28197
2018-06-18-00:35,28197
2018-06-18-00:40,28197
2018-06-18-00:45,28197
2018-06-18-00:50,28527
2018-06-18-00:55,28281
2018-06-18-01:00,28326
2018-06-18-01:05,28454
2018-06-18-01:10,28663
2018-06-18-01:15,29174
2018-06-18-01:20,29886
2018-06-18-01:25,29984
2018-06-18-01:30,30058
2018-06-18-01:35,30145
2018-06-18-01:40,30262
2018-06-18-01:45,30410
2018-06-18-01:50,30656
2018-06-18-01:55,31317
2018-06-18-02:00,32331
2018-06-18-02:05,32989
2018-06-18-02:10,33275
2018-06-18-02:15,33502
2018-06-18-02:20,33619
2018-06-18-02:25,33681
2018-06-18-02:30,33692
2018-06-18-02:35,33675
2018-06-18-02:40,33648
2018-06-18-02:45,33241
2018-06-18-02:50,31748
2018-06-18-02:55,31796
2018-06-18-03:00,32159
2018-06-18-03:05,32614
2018-06-18-03:10,32868
2018-06-18-03:15,32993
2018-06-18-03:20,33020
2018-06-18-03:25,33057
2018-06-18-03:30,33093
2018-06-18-03:35,33118
2018-06-18-03:40,33147
2018-06-18-03:45,33209
2018-06-18-03:50,33246
2018-06-18-03:55,31007
2018-06-18-04:00,29715
2018-06-18-04:05,29327
2018-06-18-04:10,29177
2018-06-18-04:15,29100
2018-06-18-04:20,29059
2018-06-18-04:25,29016
2018-06-18-04:30,28974
2018-06-18-04:35,28947
2018-06-18-04:40,28918
2018-06-18-04:45,28890
2018-06-18-04:50,28763
2018-06-18-04:55,28753
2018-06-18-05:00,28737
2018-06-18-05:05,28708
2018-06-18-05:10,28685
2018-06-18-05:15,28673
2018-06-18-05:20,28660
2018-06-18-05:25,28650
2018-06-18-05:30,28645
2018-06-18-05:35,28632
2018-06-18-05:40,28618
2018-06-18-05:45,28608
2018-06-18-05:50,28602
2018-06-18-05:55,28594
2018-06-18-06:00,28586
2018-06-18-06:05,28577
2018-06-18-06:10,28571
2018-06-18-06:15,28554
2018-06-18-06:20,28553
2018-06-18-06:25,28548
2018-06-18-06:30,28538
2018-06-18-06:35,28531
2018-06-18-06:40,28537
2018-06-18-06:45,28537
2018-06-18-06:50,28531
2018-06-18-06:55,28550
2018-06-18-07:00,28556
2018-06-18-07:05,28541
2018-06-18-07:10,28535
2018-06-18-07:15,28528
2018-06-18-07:20,28509
2018-06-18-07:25,28487
2018-06-18-07:30,28482
2018-06-18-07:35,28476
2018-06-18-07:40,28467
2018-06-18-07:45,28475
2018-06-18-07:50,28479
2018-06-18-07:55,28480
2018-06-18-08:00,28493
2018-06-18-08:05,28492
2018-06-18-08:10,28494
2018-06-18-08:15,28501
2018-06-18-08:20,28501
2018-06-18-08:25,28506
2018-06-18-08:30,28506
2018-06-18-08:35,28461
2018-06-18-08:40,28449
2018-06-18-08:45,28439
2018-06-18-08:50,28441
2018-06-18-08:55,28451
2018-06-18-09:00,28462
2018-06-18-09:05,28462
2018-06-18-09:10,28477
2018-06-18-09:15,28474
2018-06-18-09:20,28484
2018-06-18-09:25,28497
2018-06-18-09:30,28500
2018-06-18-09:35,28537
2018-06-18-09:40,28576
2018-06-18-09:45,28603
2018-06-18-09:50,28623
2018-06-18-09:55,28637
2018-06-18-10:00,28652
2018-06-18-10:05,28652
2018-06-18-10:10,28667
2018-06-18-10:15,28684
2018-06-18-10:20,28697
2018-06-18-10:25,28700
2018-06-18-10:30,28626
2018-06-18-10:35,28610
2018-06-18-10:40,28617
2018-06-18-10:45,28662
2018-06-18-10:50,28671
2018-06-18-10:55,28669
2018-06-18-11:00,28672
2018-06-18-11:05,28679
2018-06-18-11:10,28686
2018-06-18-11:15,28695
2018-06-18-11:20,28713
2018-06-18-11:25,28721
2018-06-18-11:30,28724
2018-06-18-11:35,28641
2018-06-18-11:40,28493
2018-06-18-11:45,28444
2018-06-18-11:50,28422
2018-06-18-11:55,28416
2018-06-18-12:00,28403
2018-06-18-12:05,28394
2018-06-18-12:10,28393
2018-06-18-12:15,28403
2018-06-18-12:20,28406
2018-06-18-12:25,28385
2018-06-18-12:30,28384
2018-06-18-12:35,28381
2018-06-18-12:40,28378
2018-06-18-12:45,28381
2018-06-18-12:50,28390
2018-06-18-12:55,28386
2018-06-18-13:00,28375
2018-06-18-13:05,28369
2018-06-18-13:10,28362
2018-06-18-13:15,28367
2018-06-18-13:20,28371
2018-06-18-13:25,28372
2018-06-18-13:30,28371
2018-06-18-13:35,28372
2018-06-18-13:40,28379
2018-06-18-13:45,28379
2018-06-18-13:50,28374
2018-06-18-13:55,28372
2018-06-18-14:00,28375
2018-06-18-14:05,28361
2018-06-18-14:10,28343
2018-06-18-14:15,28342
2018-06-18-14:20,28342
2018-06-18-14:25,28342
2018-06-18-14:30,28345
2018-06-18-14:35,28344
2018-06-18-14:40,28347
2018-06-18-14:45,28340
2018-06-18-14:50,28351
2018-06-18-14:55,28352
2018-06-18-15:00,28360
2018-06-18-15:05,28368
2018-06-18-15:10,28372
2018-06-18-15:15,28376
2018-06-18-15:20,28364
2018-06-18-15:25,28354
2018-06-18-15:30,28353
2018-06-18-15:35,28357
2018-06-18-15:40,28366
2018-06-18-15:45,28379
2018-06-18-15:50,28393
2018-06-18-15:55,28391
2018-06-18-16:00,8030
2018-06-18-16:05,8032
2018-06-18-16:10,11234
2018-06-18-16:15,11237
2018-06-18-16:20,11237
2018-06-18-16:25,11720
2018-06-18-16:30,11724
2018-06-18-16:35,11704
2018-06-18-16:40,11277
2018-06-18-16:45,11282
2018-06-18-16:50,11274
2018-06-18-16:55,11984
2018-06-18-17:00,11996
2018-06-18-17:05,12007
2018-06-18-17:10,12700
2018-06-18-17:15,12716
2018-06-18-17:20,12731
2018-06-18-17:25,14095
2018-06-18-17:30,14109
2018-06-18-17:35,14098
2018-06-18-17:40,14945
2018-06-18-17:45,14954
2018-06-18-17:50,14970
2018-06-18-17:55,15003
2018-06-18-18:00,14311
2018-06-18-18:05,14309
2018-06-18-18:10,14326
2018-06-18-18:15,15374
2018-06-18-18:20,15383
2018-06-18-18:25,15367
2018-06-18-18:30,10474
2018-06-18-18:35,10479
2018-06-18-18:40,10493
2018-06-18-18:45,16816
2018-06-18-18:50,16824
2018-06-18-18:55,16840
2018-06-18-19:00,17778
2018-06-18-19:05,17757
2018-06-18-19:10,17702
2018-06-18-19:15,15171
2018-06-18-19:20,15236
2018-06-18-19:25,15335
2018-06-18-19:30,17755
2018-06-18-19:35,17983
2018-06-18-19:40,18209
2018-06-18-19:45,22230
2018-06-18-19:50,22557
2018-06-18-19:55,23288
2018-06-18-20:00,43148
2018-06-18-20:05,44115
2018-06-18-20:10,44606
2018-06-18-20:15,58611
2018-06-18-20:20,58953
2018-06-18-20:25,59218
2018-06-18-20:30,65841
2018-06-18-20:35,66004
2018-06-18-20:40,66149
2018-06-18-20:45,66711
2018-06-18-20:50,65118
2018-06-18-20:55,65211
2018-06-18-21:00,64644
2018-06-18-21:05,65503
2018-06-18-21:10,66180
2018-06-18-21:15,76429
2018-06-18-21:20,76858
2018-06-18-21:25,76865
2018-06-18-21:30,80449
2018-06-18-21:35,80622
2018-06-18-21:40,80847
2018-06-18-21:45,83313
2018-06-18-21:50,82530
2018-06-18-21:55,76122
2018-06-18-22:00,47265
2018-06-18-22:05,46949
2018-06-18-22:10,46949
2018-06-18-22:15,40351
2018-06-18-22:20,40351
2018-06-18-22:25,40351
2018-06-18-22:30,38476
2018-06-18-22:35,38476
2018-06-18-22:40,38476
2018-06-18-22:45,38867
2018-06-18-22:50,38867
2018-06-18-22:55,38867
2018-06-18-23:00,47898
2018-06-18-23:05,47898
2018-06-18-23:10,47898
2018-06-18-23:15,54216
2018-06-18-23:20,54580
2018-06-18-23:25,55005
2018-06-18-23:30,56735
2018-06-18-23:35,56885
2018-06-18-23:40,57810
2018-06-18-23:45,56191
2018-06-18-23:50,57466
2018-06-18-23:55,57785
2018-06-19-00:00,53396
2018-06-19-00:05,54100
2018-06-19-00:10,54605
2018-06-19-00:15,58032
2018-06-19-00:20,58140
2018-06-19-00:25,58133
2018-06-19-00:30,56733
2018-06-19-00:35,56610
2018-06-19-00:40,56494
2018-06-19-00:45,54209
2018-06-19-00:50,53937
2018-06-19-00:55,51333
2018-06-19-01:00,39285
2018-06-19-01:05,38984
2018-06-19-01:10,38918
2018-06-19-01:15,35921
2018-06-19-01:20,35858
2018-06-19-01:25,35793
2018-06-19-01:30,34052
2018-06-19-01:35,34080
2018-06-19-01:40,34125
2018-06-19-01:45,33758
2018-06-19-01:50,33848
2018-06-19-01:55,34094
2018-06-19-02:00,36187
2018-06-19-02:05,36584
2018-06-19-02:10,36765
2018-06-19-02:15,38267
2018-06-19-02:20,38318
2018-06-19-02:25,38341
2018-06-19-02:30,38581
2018-06-19-02:35,38645
2018-06-19-02:40,38685
2018-06-19-02:45,38078
2018-06-19-02:50,37183
2018-06-19-02:55,37171
2018-06-19-03:00,36130
2018-06-19-03:05,36376
2018-06-19-03:10,36533
2018-06-19-03:15,37184
2018-06-19-03:20,37215
2018-06-19-03:25,37216
2018-06-19-03:30,37192
2018-06-19-03:35,37189
2018-06-19-03:40,37205
2018-06-19-03:45,37107
2018-06-19-03:50,37042
2018-06-19-03:55,35881
2018-06-19-04:00,31730
2018-06-19-04:05,31555
2018-06-19-04:10,31489
2018-06-19-04:15,30283
2018-06-19-04:20,30253
2018-06-19-04:25,30226
2018-06-19-04:30,29829
2018-06-19-04:35,29816
2018-06-19-04:40,29802
2018-06-19-04:45,29448
2018-06-19-04:50,29439
2018-06-19-04:55,29427
2018-06-19-05:00,29164
2018-06-19-05:05,29140
2018-06-19-05:10,29130
2018-06-19-05:15,28790
2018-06-19-05:20,28780
2018-06-19-05:25,28772
2018-06-19-05:30,28620
2018-06-19-05:35,28611
2018-06-19-05:40,28603
2018-06-19-05:45,25177
2018-06-19-05:50,25178
2018-06-19-05:55,25168
2018-06-19-06:00,28018
2018-06-19-06:05,27997
2018-06-19-06:10,27986
2018-06-19-06:15,27242
2018-06-19-06:20,27218
2018-06-19-06:25,27218
2018-06-19-06:30,26703
2018-06-19-06:35,26696
2018-06-19-06:40,26704
2018-06-19-06:45,26324
2018-06-19-06:50,26319
2018-06-19-06:55,26323
2018-06-19-07:00,25993
2018-06-19-07:05,25987
2018-06-19-07:10,25989
2018-06-19-07:15,25603
2018-06-19-07:20,25586
2018-06-19-07:25,25572
2018-06-19-07:30,24438
2018-06-19-07:35,24432
2018-06-19-07:40,24437
2018-06-19-07:45,23977
2018-06-19-07:50,23988
2018-06-19-07:55,23987
2018-06-19-08:00,22937
2018-06-19-08:05,22934
2018-06-19-08:10,22939
2018-06-19-08:15,21744
2018-06-19-08:20,21721
2018-06-19-08:25,21716
2018-06-19-08:30,20550
2018-06-19-08:35,20528
2018-06-19-08:40,20517
2018-06-19-08:45,19252
2018-06-19-08:50,19236
2018-06-19-08:55,19228
2018-06-19-09:00,18370
2018-06-19-09:05,18375
2018-06-19-09:10,18378
2018-06-19-09:15,17833
2018-06-19-09:20,17837
2018-06-19-09:25,17836
2018-06-19-09:30,17213
2018-06-19-09:35,17236
2018-06-19-09:40,17244
2018-06-19-09:45,17307
2018-06-19-09:50,17316
2018-06-19-09:55,17324
2018-06-19-10:00,17263
2018-06-19-10:05,17264
2018-06-19-10:10,17275
2018-06-19-10:15,17419
2018-06-19-10:20,17414
2018-06-19-10:25,17419
2018-06-19-10:30,16416
2018-06-19-10:35,16401
2018-06-19-10:40,16393
2018-06-19-10:45,16257
2018-06-19-10:50,16265
2018-06-19-10:55,16282
2018-06-19-11:00,16003
2018-06-19-11:05,16008
2018-06-19-11:10,16018
2018-06-19-11:15,15874
2018-06-19-11:20,15892
2018-06-19-11:25,15912
2018-06-19-11:30,15044
2018-06-19-11:35,14921
2018-06-19-11:40,14862
2018-06-19-11:45,13108
2018-06-19-11:50,13093
2018-06-19-11:55,13101
2018-06-19-12:00,11657
2018-06-19-12:05,11667
2018-06-19-12:10,11682
2018-06-19-12:15,11025
2018-06-19-12:20,11026
2018-06-19-12:25,11014
2018-06-19-12:30,10803
2018-06-19-12:35,10809
2018-06-19-12:40,10801
2018-06-19-12:45,10696
2018-06-19-12:50,10706
2018-06-19-12:55,10706
2018-06-19-13:00,10162
2018-06-19-13:05,10157
2018-06-19-13:10,10148
2018-06-19-13:15,10171
2018-06-19-13:20,10178
2018-06-19-13:25,10182
2018-06-19-13:30,10201
2018-06-19-13:35,10185
2018-06-19-13:40,10185
2018-06-19-13:45,9947
2018-06-19-13:50,9948
2018-06-19-13:55,9950
2018-06-19-14:00,9497
2018-06-19-14:05,9431
2018-06-19-14:10,9362
2018-06-19-14:15,8967
2018-06-19-14:20,8998
2018-06-19-14:25,9042
2018-06-19-14:30,8988
2018-06-19-14:35,9006
2018-06-19-14:40,9013
2018-06-19-14:45,9219
2018-06-19-14:50,9225
2018-06-19-14:55,9228
2018-06-19-15:00,9318
2018-06-19-15:05,9323
2018-06-19-15:10,9319
2018-06-19-15:15,9413
2018-06-19-15:20,9421
2018-06-19-15:25,9419
2018-06-19-15:30,9137
2018-06-19-15:35,9133
2018-06-19-15:40,9134
2018-06-19-15:45,9542
2018-06-19-15:50,9553
2018-06-19-15:55,9558
2018-06-19-16:00,9886
2018-06-19-16:05,9886
2018-06-19-16:10,9870
2018-06-19-16:15,9736
2018-06-19-16:20,9717
2018-06-19-16:25,9720
2018-06-19-16:30,9511
2018-06-19-16:35,9502
2018-06-19-16:40,9500
2018-06-19-16:45,9375
2018-06-19-16:50,9364
2018-06-19-16:55,9272
2018-06-19-17:00,9397
2018-06-19-17:05,9425
2018-06-19-17:10,9473
2018-06-19-17:15,10402
2018-06-19-17:20,10421
2018-06-19-17:25,10435
2018-06-19-17:30,11141
2018-06-19-17:35,11149
2018-06-19-17:40,11157
2018-06-19-17:45,8608
2018-06-19-17:50,8606
2018-06-19-17:55,8608
2018-06-19-18:00,11475
2018-06-19-18:05,11490
2018-06-19-18:10,11500
2018-06-19-18:15,12485
2018-06-19-18:20,12514
2018-06-19-18:25,12597
2018-06-19-18:30,14386
2018-06-19-18:35,14384
2018-06-19-18:40,14383
2018-06-19-18:45,16239
2018-06-19-18:50,16272
2018-06-19-18:55,16307
2018-06-19-19:00,16306
2018-06-19-19:05,16198
2018-06-19-19:10,16179
2018-06-19-19:15,15292
2018-06-19-19:20,15325
2018-06-19-19:25,15397
2018-06-19-19:30,17070
2018-06-19-19:35,17216
2018-06-19-19:40,17434
2018-06-19-19:45,22001
2018-06-19-19:50,22331
2018-06-19-19:55,23057
2018-06-19-20:00,45547
2018-06-19-20:05,46816
2018-06-19-20:10,47563
2018-06-19-20:15,58233
2018-06-19-20:20,58556
2018-06-19-20:25,58784
2018-06-19-20:30,64275
2018-06-19-20:35,64422
2018-06-19-20:40,64668
2018-06-19-20:45,62643
2018-06-19-20:50,61034
2018-06-19-20:55,61016
2018-06-19-21:00,65296
2018-06-19-21:05,66182
2018-06-19-21:10,66851
2018-06-19-21:15,76239
2018-06-19-21:20,76534
2018-06-19-21:25,76768
2018-06-19-21:30,81794
2018-06-19-21:35,82048
2018-06-19-21:40,82201
2018-06-19-21:45,82569
2018-06-19-21:50,82287
2018-06-19-21:55,77421
2018-06-19-22:00,50269
2018-06-19-22:05,49556
2018-06-19-22:10,49337
2018-06-19-22:15,42604
2018-06-19-22:20,42537
2018-06-19-22:25,42538
2018-06-19-22:30,40469
2018-06-19-22:35,40566
2018-06-19-22:40,40666
2018-06-19-22:45,40628
2018-06-19-22:50,40739
2018-06-19-22:55,41178
2018-06-19-23:00,52420
2018-06-19-23:05,53157
2018-06-19-23:10,53584
2018-06-19-23:15,58371
2018-06-19-23:20,58588
2018-06-19-23:25,58753
2018-06-19-23:30,59708
2018-06-19-23:35,59736
2018-06-19-23:40,59896
2018-06-19-23:45,57066
2018-06-19-23:50,55625
2018-06-19-23:55,55099
2018-06-20-00:00,52580
2018-06-20-00:05,53031
2018-06-20-00:10,53468
2018-06-20-00:15,55450
2018-06-20-00:20,55703
2018-06-20-00:25,55679
2018-06-20-00:30,54386
2018-06-20-00:35,54358
2018-06-20-00:40,54258
2018-06-20-00:45,53059
2018-06-20-00:50,53265
2018-06-20-00:55,51354
2018-06-20-01:00,38641
2018-06-20-01:05,38250
2018-06-20-01:10,38132
2018-06-20-01:15,35236
2018-06-20-01:20,35120
2018-06-20-01:25,35071
2018-06-20-01:30,33870
2018-06-20-01:35,33892
2018-06-20-01:40,33964
2018-06-20-01:45,33725
2018-06-20-01:50,33774
2018-06-20-01:55,33944
2018-06-20-02:00,36329
2018-06-20-02:05,36615
2018-06-20-02:10,36789
2018-06-20-02:15,37444
2018-06-20-02:20,37507
2018-06-20-02:25,37552
2018-06-20-02:30,37441
2018-06-20-02:35,37439
2018-06-20-02:40,37492
2018-06-20-02:45,35720
2018-06-20-02:50,35421
2018-06-20-02:55,35417
2018-06-20-03:00,35817
2018-06-20-03:05,35976
2018-06-20-03:10,36049
2018-06-20-03:15,35940
2018-06-20-03:20,35873
2018-06-20-03:25,35848
2018-06-20-03:30,35760
2018-06-20-03:35,35754
2018-06-20-03:40,35735
2018-06-20-03:45,34596
2018-06-20-03:50,34150
2018-06-20-03:55,33661
2018-06-20-04:00,31091
2018-06-20-04:05,31011
2018-06-20-04:10,30984
2018-06-20-04:15,30461
2018-06-20-04:20,30438
2018-06-20-04:25,30414
2018-06-20-04:30,30079
2018-06-20-04:35,30064
2018-06-20-04:40,30056
2018-06-20-04:45,29877
2018-06-20-04:50,29865
2018-06-20-04:55,29846
2018-06-20-05:00,29480
2018-06-20-05:05,29461
2018-06-20-05:10,29440
2018-06-20-05:15,29180
2018-06-20-05:20,29176
2018-06-20-05:25,29171
2018-06-20-05:30,29037
2018-06-20-05:35,29030
2018-06-20-05:40,29022
2018-06-20-05:45,20622
2018-06-20-05:50,20620
2018-06-20-05:55,20610
2018-06-20-06:00,28537
2018-06-20-06:05,28525
2018-06-20-06:10,28509
2018-06-20-06:15,27846
2018-06-20-06:20,27840
2018-06-20-06:25,27826
2018-06-20-06:30,27208
2018-06-20-06:35,27195
2018-06-20-06:40,27199
2018-06-20-06:45,26823
2018-06-20-06:50,26805
2018-06-20-06:55,26797
2018-06-20-07:00,26555
2018-06-20-07:05,26543
2018-06-20-07:10,26546
2018-06-20-07:15,26011
2018-06-20-07:20,26008
2018-06-20-07:25,25993
2018-06-20-07:30,24950
2018-06-20-07:35,24937
2018-06-20-07:40,24934
2018-06-20-07:45,24457
2018-06-20-07:50,24459
2018-06-20-07:55,24468
2018-06-20-08:00,23290
2018-06-20-08:05,23288
2018-06-20-08:10,23284
2018-06-20-08:15,22274
2018-06-20-08:20,22277
2018-06-20-08:25,22287
2018-06-20-08:30,21425
2018-06-20-08:35,21402
2018-06-20-08:40,21380
2018-06-20-08:45,19951
2018-06-20-08:50,19944
2018-06-20-08:55,19947
2018-06-20-09:00,19087
2018-06-20-09:05,19091
2018-06-20-09:10,19111
2018-06-20-09:15,18386
2018-06-20-09:20,18379
2018-06-20-09:25,18384
2018-06-20-09:30,17584
2018-06-20-09:35,17595
2018-06-20-09:40,17612
2018-06-20-09:45,17683
2018-06-20-09:50,17706
2018-06-20-09:55,17716
2018-06-20-10:00,17493
2018-06-20-10:05,17503
2018-06-20-10:10,17515
2018-06-20-10:15,17341
2018-06-20-10:20,17346
2018-06-20-10:25,17327
2018-06-20-10:30,16548
2018-06-20-10:35,16556
2018-06-20-10:40,16576
2018-06-20-10:45,16569
2018-06-20-10:50,16572
2018-06-20-10:55,16578
2018-06-20-11:00,15742
2018-06-20-11:05,15719
2018-06-20-11:10,15715
2018-06-20-11:15,15047
2018-06-20-11:20,15037
2018-06-20-11:25,20864
2018-06-20-11:30,19449
2018-06-20-11:35,19397
2018-06-20-11:40,18570
2018-06-20-11:45,17937
2018-06-20-11:50,17937
2018-06-20-11:55,17703
2018-06-20-12:00,16616
2018-06-20-12:05,16620
2018-06-20-12:10,16263
2018-06-20-12:15,15865
2018-06-20-12:20,15840
2018-06-20-12:25,15714
2018-06-20-12:30,15432
2018-06-20-12:35,15426
2018-06-20-12:40,15398
2018-06-20-12:45,15384
2018-06-20-12:50,15375
2018-06-20-12:55,15286
2018-06-20-13:00,14615
2018-06-20-13:05,14617
2018-06-20-13:10,14351
2018-06-20-13:15,14323
2018-06-20-13:20,14321
2018-06-20-13:25,14491
2018-06-20-13:30,14724
2018-06-20-13:35,14718
2018-06-20-13:40,14789
2018-06-20-13:45,14527
2018-06-20-13:50,14524
2018-06-20-13:55,14472
2018-06-20-14:00,14056
2018-06-20-14:05,14041
2018-06-20-14:10,13590
2018-06-20-14:15,13109
2018-06-20-14:20,13106
2018-06-20-14:25,13054
2018-06-20-14:30,12876
2018-06-20-14:35,12882
2018-06-20-14:40,12870
2018-06-20-14:45,13533
2018-06-20-14:50,13528
2018-06-20-14:55,13666
2018-06-20-15:00,13128
2018-06-20-15:05,13132
2018-06-20-15:10,13129
2018-06-20-15:15,13114
2018-06-20-15:20,13116
2018-06-20-15:25,13091
2018-06-20-15:30,12937
2018-06-20-15:35,12932
2018-06-20-15:40,12870
2018-06-20-15:45,13139
2018-06-20-15:50,13143
2018-06-20-15:55,13465
2018-06-20-16:00,13836
2018-06-20-16:05,13867
2018-06-20-16:10,13912
2018-06-20-16:15,14009
2018-06-20-16:20,14015
2018-06-20-16:25,14204
2018-06-20-16:30,14301
2018-06-20-16:35,14287
2018-06-20-16:40,13844
2018-06-20-16:45,13510
2018-06-20-16:50,13510
2018-06-20-16:55,13665
2018-06-20-17:00,13848
2018-06-20-17:05,13857
2018-06-20-17:10,14062
2018-06-20-17:15,14704
2018-06-20-17:20,14718
2018-06-20-17:25,15164
2018-06-20-17:30,15833
2018-06-20-17:35,15840
2018-06-20-17:40,16184
2018-06-20-17:45,13335
2018-06-20-17:50,13344
2018-06-20-17:55,13348
2018-06-20-18:00,16354
2018-06-20-18:05,16376
2018-06-20-18:10,16393
2018-06-20-18:15,18524
2018-06-20-18:20,18541
2018-06-20-18:25,18570
2018-06-20-18:30,19599
2018-06-20-18:35,19605
2018-06-20-18:40,19617
2018-06-20-18:45,20267
2018-06-20-18:50,20298
2018-06-20-18:55,20319
2018-06-20-19:00,19003
2018-06-20-19:05,19019
2018-06-20-19:10,19050
2018-06-20-19:15,19617
2018-06-20-19:20,19677
2018-06-20-19:25,19798
2018-06-20-19:30,23827
2018-06-20-19:35,24018
2018-06-20-19:40,24276
2018-06-20-19:45,31705
2018-06-20-19:50,32165
2018-06-20-19:55,33085
2018-06-20-20:00,99397
2018-06-20-20:05,100942
2018-06-20-20:10,101693
2018-06-20-20:15,117608
2018-06-20-20:20,117922
2018-06-20-20:25,118256
2018-06-20-20:30,127355
2018-06-20-20:35,127511
2018-06-20-20:40,127602
2018-06-20-20:45,124789
2018-06-20-20:50,122298
2018-06-20-20:55,122230
2018-06-20-21:00,127260
2018-06-20-21:05,128361
2018-06-20-21:10,129177
2018-06-20-21:15,142535
2018-06-20-21:20,142798
2018-06-20-21:25,142957
2018-06-20-21:30,149355
2018-06-20-21:35,149621
2018-06-20-21:40,149876
2018-06-20-21:45,153670
2018-06-20-21:50,153860
2018-06-20-21:55,148508
2018-06-20-22:00,103817
2018-06-20-22:05,72069
2018-06-20-22:10,71820
2018-06-20-22:15,60708
2018-06-20-22:20,60624
2018-06-20-22:25,60562
2018-06-20-22:30,56918
2018-06-20-22:35,56184
2018-06-20-22:40,55190
2018-06-20-22:45,54953
2018-06-20-22:50,54953
2018-06-20-22:55,54953
2018-06-20-23:00,70086
2018-06-20-23:05,70086
2018-06-20-23:10,70491
2018-06-20-23:15,78001
2018-06-20-23:20,79258
2018-06-20-23:25,79587
2018-06-20-23:30,81222
2018-06-20-23:35,81219
2018-06-20-23:40,81273
2018-06-20-23:45,74060
2018-06-20-23:50,72779
2018-06-20-23:55,72761
2018-06-21-00:00,71960
2018-06-21-00:05,72412
2018-06-21-00:10,72728
2018-06-21-00:15,73986
2018-06-21-00:20,74092
2018-06-21-00:25,74144
2018-06-21-00:30,72476
2018-06-21-00:35,72470
2018-06-21-00:40,72512
2018-06-21-00:45,68539
2018-06-21-00:50,67861
2018-06-21-00:55,65809
2018-06-21-01:00,52827
2018-06-21-01:05,52642
2018-06-21-01:10,52547
2018-06-21-01:15,49670
2018-06-21-01:20,49592
2018-06-21-01:25,49542
2018-06-21-01:30,47789
2018-06-21-01:35,47801
2018-06-21-01:40,47846
2018-06-21-01:45,47717
2018-06-21-01:50,47772
2018-06-21-01:55,47998
2018-06-21-02:00,52019
2018-06-21-02:05,52488
2018-06-21-02:10,52726
2018-06-21-02:15,53950
2018-06-21-02:20,54077
2018-06-21-02:25,54140
2018-06-21-02:30,54428
2018-06-21-02:35,54473
2018-06-21-02:40,54544
2018-06-21-02:45,52900
2018-06-21-02:50,51908
2018-06-21-02:55,51897
2018-06-21-03:00,51460
2018-06-21-03:05,51741
2018-06-21-03:10,51927
2018-06-21-03:15,52863
2018-06-21-03:20,52959
2018-06-21-03:25,52962
2018-06-21-03:30,53153
2018-06-21-03:35,53175
2018-06-21-03:40,53183
2018-06-21-03:45,52201
2018-06-21-03:50,52178
2018-06-21-03:55,50609
2018-06-21-04:00,44528
2018-06-21-04:05,44385
2018-06-21-04:10,44343
2018-06-21-04:15,43275
2018-06-21-04:20,43222
2018-06-21-04:25,43192
2018-06-21-04:30,42596
2018-06-21-04:35,42581
2018-06-21-04:40,42562
2018-06-21-04:45,42185
2018-06-21-04:50,42180
2018-06-21-04:55,42172
2018-06-21-05:00,41672
2018-06-21-05:05,41649
2018-06-21-05:10,41635
2018-06-21-05:15,41253
2018-06-21-05:20,41247
2018-06-21-05:25,41235
2018-06-21-05:30,40988
2018-06-21-05:35,40978
2018-06-21-05:40,40969
2018-06-21-05:45,32273
2018-06-21-05:50,32265
2018-06-21-05:55,32258
2018-06-21-06:00,40317
2018-06-21-06:05,40309
2018-06-21-06:10,40287
2018-06-21-06:15,39198
2018-06-21-06:20,39187
2018-06-21-06:25,39170
2018-06-21-06:30,38398
2018-06-21-06:35,38389
2018-06-21-06:40,38388
2018-06-21-06:45,37836
2018-06-21-06:50,37828
2018-06-21-06:55,37825
2018-06-21-07:00,37251
2018-06-21-07:05,37243
2018-06-21-07:10,37234
2018-06-21-07:15,36353
2018-06-21-07:20,36335
2018-06-21-07:25,36327
2018-06-21-07:30,34774
2018-06-21-07:35,34774
2018-06-21-07:40,34761
2018-06-21-07:45,33914
2018-06-21-07:50,33913
2018-06-21-07:55,33910
2018-06-21-08:00,31906
2018-06-21-08:05,31909
2018-06-21-08:10,31905
2018-06-21-08:15,30447
2018-06-21-08:20,30453
2018-06-21-08:25,30452
2018-06-21-08:30,29065
2018-06-21-08:35,29033
2018-06-21-08:40,29022
2018-06-21-08:45,27686
2018-06-21-08:50,27690
2018-06-21-08:55,27696
2018-06-21-09:00,26182
2018-06-21-09:05,26185
2018-06-21-09:10,26188
2018-06-21-09:15,25054
2018-06-21-09:20,25063
2018-06-21-09:25,25066
2018-06-21-09:30,24121
2018-06-21-09:35,24134
2018-06-21-09:40,24144
2018-06-21-09:45,29737
2018-06-21-09:50,29751
2018-06-21-09:55,29759
2018-06-21-10:00,29749
2018-06-21-10:05,29756
2018-06-21-10:10,29752
2018-06-21-10:15,29669
2018-06-21-10:20,29712
2018-06-21-10:25,29716
2018-06-21-10:30,28712
2018-06-21-10:35,28274
2018-06-21-10:40,28283
2018-06-21-10:45,28209
2018-06-21-10:50,28424
2018-06-21-10:55,28422
2018-06-21-11:00,27886
2018-06-21-11:05,27703
2018-06-21-11:10,27427
2018-06-21-11:15,27018
2018-06-21-11:20,27094
2018-06-21-11:25,27181
2018-06-21-11:30,26331
2018-06-21-11:35,25719
2018-06-21-11:40,25649
2018-06-21-11:45,24279
2018-06-21-11:50,23719
2018-06-21-11:55,23746
2018-06-21-12:00,22704
2018-06-21-12:05,22189
2018-06-21-12:10,22232
2018-06-21-12:15,21721
2018-06-21-12:20,21480
2018-06-21-12:25,19933
2018-06-21-12:30,19532
2018-06-21-12:35,19417
2018-06-21-12:40,19355
2018-06-21-12:45,19238
2018-06-21-12:50,19162
2018-06-21-12:55,19055
2018-06-21-13:00,18558
2018-06-21-13:05,18236
2018-06-21-13:10,18068
2018-06-21-13:15,17925
2018-06-21-13:20,17853
2018-06-21-13:25,17804
2018-06-21-13:30,17873
2018-06-21-13:35,17899
2018-06-21-13:40,17956
2018-06-21-13:45,17854
2018-06-21-13:50,17929
2018-06-21-13:55,17939
2018-06-21-14:00,17558
2018-06-21-14:05,17370
2018-06-21-14:10,17353
2018-06-21-14:15,16633
2018-06-21-14:20,16454
2018-06-21-14:25,16449
2018-06-21-14:30,16116
2018-06-21-14:35,16071
2018-06-21-14:40,16100
2018-06-21-14:45,16370
2018-06-21-14:50,16516
2018-06-21-14:55,16523
2018-06-21-15:00,16470
2018-06-21-15:05,16376
2018-06-21-15:10,16407
2018-06-21-15:15,16159
2018-06-21-15:20,16117
2018-06-21-15:25,16118
2018-06-21-15:30,15941
2018-06-21-15:35,15849
2018-06-21-15:40,15830
2018-06-21-15:45,16125
2018-06-21-15:50,16297
2018-06-21-15:55,16318
2018-06-21-16:00,16703
2018-06-21-16:05,16784
2018-06-21-16:10,16779
2018-06-21-16:15,16890
2018-06-21-16:20,16940
2018-06-21-16:25,16916
2018-06-21-16:30,16854
2018-06-21-16:35,16690
2018-06-21-16:40,16663
2018-06-21-16:45,16607
2018-06-21-16:50,16736
2018-06-21-16:55,16742
2018-06-21-17:00,16976
2018-06-21-17:05,17006
2018-06-21-17:10,17045
2018-06-21-17:15,18122
2018-06-21-17:20,18563
2018-06-21-17:25,18547
2018-06-21-17:30,19469
2018-06-21-17:35,19879
2018-06-21-17:40,19893
2018-06-21-17:45,17692
2018-06-21-17:50,18217
2018-06-21-17:55,18233
2018-06-21-18:00,21204
2018-06-21-18:05,20843
2018-06-21-18:10,20851
2018-06-21-18:15,22645
2018-06-21-18:20,23505
2018-06-21-18:25,23548
2018-06-21-18:30,25828
2018-06-21-18:35,26638
2018-06-21-18:40,26707
2018-06-21-18:45,28840
2018-06-21-18:50,29712
2018-06-21-18:55,29823
2018-06-21-19:00,29287
2018-06-21-19:05,28654
2018-06-21-19:10,28637
2018-06-21-19:15,28263
2018-06-21-19:20,28300
2018-06-21-19:25,28377
2018-06-21-19:30,31283
2018-06-21-19:35,32283
2018-06-21-19:40,32406
2018-06-21-19:45,37073
2018-06-21-19:50,38700
2018-06-21-19:55,39275
2018-06-21-20:00,65627
2018-06-21-20:05,74450
2018-06-21-20:10,75027
2018-06-21-20:15,85881
2018-06-21-20:20,89137
2018-06-21-20:25,89390
2018-06-21-20:30,95960
2018-06-21-20:35,97978
2018-06-21-20:40,98043
2018-06-21-20:45,95456
2018-06-21-20:50,92108
2018-06-21-20:55,92253
2018-06-21-21:00,98103
2018-06-21-21:05,101703
2018-06-21-21:10,102251
2018-06-21-21:15,112118
2018-06-21-21:20,115007
2018-06-21-21:25,115233
2018-06-21-21:30,120708
2018-06-21-21:35,122660
2018-06-21-21:40,122844
2018-06-21-21:45,118515
2018-06-21-21:50,113019
2018-06-21-21:55,110611
2018-06-21-22:00,82665
2018-06-21-22:05,74519
2018-06-21-22:10,74449
2018-06-21-22:15,68225
2018-06-21-22:20,66230
2018-06-21-22:25,66300
2018-06-21-22:30,65462
2018-06-21-22:35,65661
2018-06-21-22:40,65774
2018-06-21-22:45,66954
2018-06-21-22:50,67664
2018-06-21-22:55,68355
2018-06-21-23:00,88427
2018-06-21-23:05,95385
2018-06-21-23:10,96025
2018-06-21-23:15,104234
2018-06-21-23:20,106622
2018-06-21-23:25,106815
2018-06-21-23:30,109911
2018-06-21-23:35,110900
2018-06-21-23:40,111049
2018-06-21-23:45,103107
2018-06-21-23:50,97877
2018-06-21-23:55,97878
2018-06-22-00:00,98659
2018-06-22-00:05,100514
2018-06-22-00:10,101039
2018-06-22-00:15,104106
2018-06-22-00:20,105071
2018-06-22-00:25,105135
2018-06-22-00:30,104266
2018-06-22-00:35,104093
2018-06-22-00:40,104126
2018-06-22-00:45,101393
2018-06-22-00:50,99544
2018-06-22-00:55,95861
2018-06-22-01:00,75863
2018-06-22-01:05,69832
2018-06-22-01:10,69653
2018-06-22-01:15,65739
2018-06-22-01:20,64580
2018-06-22-01:25,64506
2018-06-22-01:30,62893
2018-06-22-01:35,62586
2018-06-22-01:40,62651
2018-06-22-01:45,62743
2018-06-22-01:50,62951
2018-06-22-01:55,63403
2018-06-22-02:00,68745
2018-06-22-02:05,71048
2018-06-22-02:10,71352
2018-06-22-02:15,72903
2018-06-22-02:20,73376
2018-06-22-02:25,73436
2018-06-22-02:30,73922
2018-06-22-02:35,74026
2018-06-22-02:40,74074
2018-06-22-02:45,71453
2018-06-22-02:50,69447
2018-06-22-02:55,69470
2018-06-22-03:00,69639
2018-06-22-03:05,70357
2018-06-22-03:10,70530
2018-06-22-03:15,71344
2018-06-22-03:20,71694
2018-06-22-03:25,71738
2018-06-22-03:30,71824
2018-06-22-03:35,71820
2018-06-22-03:40,71564
2018-06-22-03:45,69094
2018-06-22-03:50,67480
2018-06-22-03:55,66149
2018-06-22-04:00,59993
2018-06-22-04:05,57813
2018-06-22-04:10,57662
2018-06-22-04:15,55770
2018-06-22-04:20,55269
2018-06-22-04:25,55235
2018-06-22-04:30,54609
2018-06-22-04:35,54428
2018-06-22-04:40,54397
2018-06-22-04:45,53933
2018-06-22-04:50,53830
2018-06-22-04:55,53824
2018-06-22-05:00,53378
2018-06-22-05:05,53215
2018-06-22-05:10,53197
2018-06-22-05:15,52894
2018-06-22-05:20,52768
2018-06-22-05:25,52759
2018-06-22-05:30,52546
2018-06-22-05:35,52517
2018-06-22-05:40,52495
2018-06-22-05:45,43539
2018-06-22-05:50,43531
2018-06-22-05:55,43526
2018-06-22-06:00,51859
2018-06-22-06:05,51842
2018-06-22-06:10,51842
2018-06-22-06:15,50515
2018-06-22-06:20,50489
2018-06-22-06:25,50485
2018-06-22-06:30,49647
2018-06-22-06:35,49657
2018-06-22-06:40,49629
2018-06-22-06:45,49295
2018-06-22-06:50,49270
2018-06-22-06:55,49278
2018-06-22-07:00,48668
2018-06-22-07:05,48661
2018-06-22-07:10,48656
2018-06-22-07:15,47560
2018-06-22-07:20,47542
2018-06-22-07:25,47552
2018-06-22-07:30,45237
2018-06-22-07:35,45263
2018-06-22-07:40,45244
2018-06-22-07:45,44562
2018-06-22-07:50,44563
2018-06-22-07:55,44584
2018-06-22-08:00,42775
2018-06-22-08:05,42760
2018-06-22-08:10,42773
2018-06-22-08:15,41404
2018-06-22-08:20,41410
2018-06-22-08:25,41412
2018-06-22-08:30,39899
2018-06-22-08:35,39902
2018-06-22-08:40,39870
2018-06-22-08:45,37595
2018-06-22-08:50,37568
2018-06-22-08:55,37571
2018-06-22-09:00,35841
2018-06-22-09:05,35840
2018-06-22-09:10,35840
2018-06-22-09:15,34712
2018-06-22-09:20,34736
2018-06-22-09:25,34726
2018-06-22-09:30,33641
2018-06-22-09:35,33718
2018-06-22-09:40,33680
2018-06-22-09:45,34197
2018-06-22-09:50,34232
2018-06-22-09:55,34244
2018-06-22-10:00,34565
2018-06-22-10:05,34588
2018-06-22-10:10,34560
2018-06-22-10:15,34751
2018-06-22-10:20,34763
2018-06-22-10:25,34770
2018-06-22-10:30,32958
2018-06-22-10:35,33023
2018-06-22-10:40,32977
2018-06-22-10:45,33546
2018-06-22-10:50,33575
2018-06-22-10:55,33609
2018-06-22-11:00,33088
2018-06-22-11:05,33093
2018-06-22-11:10,33101
2018-06-22-11:15,32897
2018-06-22-11:20,32447
2018-06-22-11:25,32447
2018-06-22-11:30,32447
2018-06-22-11:35,32447
2018-06-22-11:40,32447
2018-06-22-11:45,32447
2018-06-22-11:50,32447
2018-06-22-11:55,32447
2018-06-22-12:00,32447
2018-06-22-12:05,32447
2018-06-22-12:10,32447
2018-06-22-12:15,32447
2018-06-22-12:20,32447
2018-06-22-12:25,32447
2018-06-22-12:30,32447
2018-06-22-12:35,32447
2018-06-22-12:40,32447
2018-06-22-12:45,32447
2018-06-22-12:50,32447
2018-06-22-12:55,32447
2018-06-22-13:00,32447
2018-06-22-13:05,32447
2018-06-22-13:10,32447
2018-06-22-13:15,32447
2018-06-22-13:20,32447
2018-06-22-13:25,32447
2018-06-22-13:30,32447
2018-06-22-13:35,32447
2018-06-22-13:40,32447
2018-06-22-13:45,32447
2018-06-22-13:50,32447
2018-06-22-13:55,32447
2018-06-22-14:00,32447
2018-06-22-14:05,32447
2018-06-22-14:10,32447
2018-06-22-14:15,32447
2018-06-22-14:20,32447
2018-06-22-14:25,32447
2018-06-22-14:30,32447
2018-06-22-14:35,32447
2018-06-22-14:40,32447
2018-06-22-14:45,32447
2018-06-22-14:50,32447
2018-06-22-14:55,32447
2018-06-22-15:00,32447
2018-06-22-15:05,32447
2018-06-22-15:10,32447
2018-06-22-15:15,32447
2018-06-22-15:20,32447
2018-06-22-15:25,32447
2018-06-22-15:30,32447
2018-06-22-15:35,32447
2018-06-22-15:40,32447
2018-06-22-15:45,32447
2018-06-22-15:50,32447
2018-06-22-15:55,32447
2018-06-22-16:00,32447
2018-06-22-16:05,32447
2018-06-22-16:10,32447
2018-06-22-16:15,32447
2018-06-22-16:20,32447
2018-06-22-16:25,32447
2018-06-22-16:30,32447
2018-06-22-16:35,32447
2018-06-22-16:40,32447
2018-06-22-16:45,32447
2018-06-22-16:50,32447
2018-06-22-16:55,32447
2018-06-22-17:00,32447
2018-06-22-17:05,32447
2018-06-22-17:10,32447
2018-06-22-17:15,32447
2018-06-22-17:20,32447
2018-06-22-17:25,32447
2018-06-22-17:30,32447
2018-06-22-17:35,32447
2018-06-22-17:40,32447
2018-06-22-17:45,32447
2018-06-22-17:50,32447
2018-06-22-17:55,32447
2018-06-22-18:00,32447
2018-06-22-18:05,32447
2018-06-22-18:10,32447
2018-06-22-18:15,32447
2018-06-22-18:20,32447
2018-06-22-18:25,32447
2018-06-22-18:30,32447
2018-06-22-18:35,32447
2018-06-22-18:40,32447
2018-06-22-18:45,32447
2018-06-22-18:50,32447
2018-06-22-18:55,32447
2018-06-22-19:00,32447
2018-06-22-19:05,32447
2018-06-22-19:10,32447
2018-06-22-19:15,32447
2018-06-22-19:20,32447
2018-06-22-19:25,32447
2018-06-22-19:30,32447
2018-06-22-19:35,32447
2018-06-22-19:40,32447
2018-06-22-19:45,32447
2018-06-22-19:50,32447
2018-06-22-19:55,32447
2018-06-22-20:00,32447
2018-06-22-20:05,32447
2018-06-22-20:10,32447
2018-06-22-20:15,32447
2018-06-22-20:20,32447
2018-06-22-20:25,32447
2018-06-22-20:30,32447
2018-06-22-20:35,32447
2018-06-22-20:40,32447
2018-06-22-20:45,32447
2018-06-22-20:50,32447
2018-06-22-20:55,32447
2018-06-22-21:00,32447
2018-06-22-21:05,32447
2018-06-22-21:10,32447
2018-06-22-21:15,32447
2018-06-22-21:20,32447
2018-06-22-21:25,32447
2018-06-22-21:30,32447
2018-06-22-21:35,32447
2018-06-22-21:40,32447
2018-06-22-21:45,32447
2018-06-22-21:50,32447
2018-06-22-21:55,32447
2018-06-22-22:00,32447
2018-06-22-22:05,32447
2018-06-22-22:10,32447
2018-06-22-22:15,32447
2018-06-22-22:20,32447
2018-06-22-22:25,32447
2018-06-22-22:30,32447
2018-06-22-22:35,32447
2018-06-22-22:40,32447
2018-06-22-22:45,32447
2018-06-22-22:50,32447
2018-06-22-22:55,32447
2018-06-22-23:00,32447
2018-06-22-23:05,32447
2018-06-22-23:10,32447
2018-06-22-23:15,32447
2018-06-22-23:20,32447
2018-06-22-23:25,32447
2018-06-22-23:30,32447
2018-06-22-23:35,32447
2018-06-22-23:40,32447
2018-06-22-23:45,32447
2018-06-22-23:50,32447
2018-06-22-23:55,32447
2018-06-23-00:00,32447
2018-06-23-00:05,32447
2018-06-23-00:10,32447
2018-06-23-00:15,32447
2018-06-23-00:20,32447
2018-06-23-00:25,32447
2018-06-23-00:30,32447
2018-06-23-00:35,32447
2018-06-23-00:40,32447
2018-06-23-00:45,32447
2018-06-23-00:50,32447
2018-06-23-00:55,32447
2018-06-23-01:00,32447
2018-06-23-01:05,32447
2018-06-23-01:10,32447
2018-06-23-01:15,32447
2018-06-23-01:20,32447
2018-06-23-01:25,32447
2018-06-23-01:30,32447
2018-06-23-01:35,32447
2018-06-23-01:40,32447
2018-06-23-01:45,32447
2018-06-23-01:50,32447
2018-06-23-01:55,32447
2018-06-23-02:00,32447
2018-06-23-02:05,32447
2018-06-23-02:10,32447
2018-06-23-02:15,32447
2018-06-23-02:20,32447
2018-06-23-02:25,32447
2018-06-23-02:30,32447
2018-06-23-02:35,32447
2018-06-23-02:40,32447
2018-06-23-02:45,32447
2018-06-23-02:50,32447
2018-06-23-02:55,32447
2018-06-23-03:00,32447
2018-06-23-03:05,32447
2018-06-23-03:10,32447
2018-06-23-03:15,32447
2018-06-23-03:20,32447
2018-06-23-03:25,32447
2018-06-23-03:30,32447
2018-06-23-03:35,32447
2018-06-23-03:40,32447
2018-06-23-03:45,32447
2018-06-23-03:50,32447
2018-06-23-03:55,32447
2018-06-23-04:00,32447
2018-06-23-04:05,32447
2018-06-23-04:10,32447
2018-06-23-04:15,32447
2018-06-23-04:20,32447
2018-06-23-04:25,32447
2018-06-23-04:30,32447
2018-06-23-04:35,32447
2018-06-23-04:40,32447
2018-06-23-04:45,32447
2018-06-23-04:50,32447
2018-06-23-04:55,32447
2018-06-23-05:00,32447
2018-06-23-05:05,32447
2018-06-23-05:10,32447
2018-06-23-05:15,32447
2018-06-23-05:20,32447
2018-06-23-05:25,32447
2018-06-23-05:30,32447
2018-06-23-05:35,32447
2018-06-23-05:40,32447
2018-06-23-05:45,32447
2018-06-23-05:50,32447
2018-06-23-05:55,32447
2018-06-23-06:00,32447
2018-06-23-06:05,32447
2018-06-23-06:10,32447
2018-06-23-06:15,32447
2018-06-23-06:20,32447
2018-06-23-06:25,32447
2018-06-23-06:30,32447
2018-06-23-06:35,32447
2018-06-23-06:40,32447
2018-06-23-06:45,32447
2018-06-23-06:50,32447
2018-06-23-06:55,32447
2018-06-23-07:00,32447
2018-06-23-07:05,32447
2018-06-23-07:10,32447
2018-06-23-07:15,32447
2018-06-23-07:20,32447
2018-06-23-07:25,32447
2018-06-23-07:30,32447
2018-06-23-07:35,32447
2018-06-23-07:40,32447
2018-06-23-07:45,32447
2018-06-23-07:50,32447
2018-06-23-07:55,32447
2018-06-23-08:00,32447
2018-06-23-08:05,32447
2018-06-23-08:10,32447
2018-06-23-08:15,32447
2018-06-23-08:20,32447
2018-06-23-08:25,32447
2018-06-23-08:30,32447
2018-06-23-08:35,32447
2018-06-23-08:40,32447
2018-06-23-08:45,32447
2018-06-23-08:50,32447
2018-06-23-08:55,32447
2018-06-23-09:00,32447
2018-06-23-09:05,32447
2018-06-23-09:10,32447
2018-06-23-09:15,32447
2018-06-23-09:20,32447
2018-06-23-09:25,32447
2018-06-23-09:30,32447
2018-06-23-09:35,32447
2018-06-23-09:40,32447
2018-06-23-09:45,32447
2018-06-23-09:50,32447
2018-06-23-09:55,32447
2018-06-23-10:00,32447
2018-06-23-10:05,32447
2018-06-23-10:10,32447
2018-06-23-10:15,32447
2018-06-23-10:20,32447
2018-06-23-10:25,32447
2018-06-23-10:30,32447
2018-06-23-10:35,32447
2018-06-23-10:40,32447
2018-06-23-10:45,32447
2018-06-23-10:50,32447
2018-06-23-10:55,32447
2018-06-23-11:00,32447
2018-06-23-11:05,32447
2018-06-23-11:10,32447
2018-06-23-11:15,32447
2018-06-23-11:20,32447
2018-06-23-11:25,32447
2018-06-23-11:30,32447
2018-06-23-11:35,32447
2018-06-23-11:40,32447
2018-06-23-11:45,32447
2018-06-23-11:50,32447
2018-06-23-11:55,32447
2018-06-23-12:00,32447
2018-06-23-12:05,32447
2018-06-23-12:10,32447
2018-06-23-12:15,32447
2018-06-23-12:20,32447
2018-06-23-12:25,32447
2018-06-23-12:30,32447
2018-06-23-12:35,32447
2018-06-23-12:40,32447
2018-06-23-12:45,32447
2018-06-23-12:50,32447
2018-06-23-12:55,32447
2018-06-23-13:00,32447
2018-06-23-13:05,32447
2018-06-23-13:10,32447
2018-06-23-13:15,32447
2018-06-23-13:20,32447
2018-06-23-13:25,32447
2018-06-23-13:30,32447
2018-06-23-13:35,32447
2018-06-23-13:40,32447
2018-06-23-13:45,32447
2018-06-23-13:50,32447
2018-06-23-13:55,32447
2018-06-23-14:00,32447
2018-06-23-14:05,32447
2018-06-23-14:10,32447
2018-06-23-14:15,32447
2018-06-23-14:20,32447
2018-06-23-14:25,32447
2018-06-23-14:30,32447
2018-06-23-14:35,32447
2018-06-23-14:40,32447
2018-06-23-14:45,32447
2018-06-23-14:50,32447
2018-06-23-14:55,32447
2018-06-23-15:00,32447
2018-06-23-15:05,32447
2018-06-23-15:10,32447
2018-06-23-15:15,32447
2018-06-23-15:20,32447
2018-06-23-15:25,32447
2018-06-23-15:30,32447
2018-06-23-15:35,32447
2018-06-23-15:40,32447
2018-06-23-15:45,32447
2018-06-23-15:50,32447
2018-06-23-15:55,32447
2018-06-23-16:00,32447
2018-06-23-16:05,32447
2018-06-23-16:10,32447
2018-06-23-16:15,32447
2018-06-23-16:20,32447
2018-06-23-16:25,32447
2018-06-23-16:30,32447
2018-06-23-16:35,32447
2018-06-23-16:40,32447
2018-06-23-16:45,32447
2018-06-23-16:50,32447
2018-06-23-16:55,32447
2018-06-23-17:00,32447
2018-06-23-17:05,32447
2018-06-23-17:10,32447
2018-06-23-17:15,32447
2018-06-23-17:20,32447
2018-06-23-17:25,32447
2018-06-23-17:30,32447
2018-06-23-17:35,32447
2018-06-23-17:40,32447
2018-06-23-17:45,32447
2018-06-23-17:50,32447
2018-06-23-17:55,32447
2018-06-23-18:00,32447
2018-06-23-18:05,32447
2018-06-23-18:10,32447
2018-06-23-18:15,32447
2018-06-23-18:20,32447
2018-06-23-18:25,32447
2018-06-23-18:30,32447
2018-06-23-18:35,32447
2018-06-23-18:40,32447
2018-06-23-18:45,32447
2018-06-23-18:50,32447
2018-06-23-18:55,32447
2018-06-23-19:00,32447
2018-06-23-19:05,32447
2018-06-23-19:10,32447
2018-06-23-19:15,32447
2018-06-23-19:20,32447
2018-06-23-19:25,32447
2018-06-23-19:30,32447
2018-06-23-19:35,32447
2018-06-23-19:40,32447
2018-06-23-19:45,32447
2018-06-23-19:50,32447
2018-06-23-19:55,32447
2018-06-23-20:00,32447
2018-06-23-20:05,32447
2018-06-23-20:10,32447
2018-06-23-20:15,32447
2018-06-23-20:20,32447
2018-06-23-20:25,32447
2018-06-23-20:30,32447
2018-06-23-20:35,32447
2018-06-23-20:40,32447
2018-06-23-20:45,32447
2018-06-23-20:50,32447
2018-06-23-20:55,32447
2018-06-23-21:00,32447
2018-06-23-21:05,32447
2018-06-23-21:10,32447
2018-06-23-21:15,32447
2018-06-23-21:20,32447
2018-06-23-21:25,32447
2018-06-23-21:30,32447
2018-06-23-21:35,32447
2018-06-23-21:40,32447
2018-06-23-21:45,32447
2018-06-23-21:50,32447
2018-06-23-21:55,32447
2018-06-23-22:00,32447
2018-06-23-22:05,32447
2018-06-23-22:10,32447
2018-06-23-22:15,32447
2018-06-23-22:20,32447
2018-06-23-22:25,32447
2018-06-23-22:30,32447
2018-06-23-22:35,32447
2018-06-23-22:40,32447
2018-06-23-22:45,32447
2018-06-23-22:50,32447
2018-06-23-22:55,32447
2018-06-23-23:00,32447
2018-06-23-23:05,32447
2018-06-23-23:10,32447
2018-06-23-23:15,32447
2018-06-23-23:20,32447
2018-06-23-23:25,32447
2018-06-23-23:30,32447
2018-06-23-23:35,32447
2018-06-23-23:40,32447
2018-06-23-23:45,32447
2018-06-23-23:50,32447
2018-06-23-23:55,32447